Company_ID	Employees
BM40671R	7500.0
LR30002MX	7500.0
MH30004AQ	1500.0
MH40003AQ	750.0
US*S00100679	
US*S00101964	
US*S00120641	
US*S00136468	
US*S00138046	
US*S00150042	
US*S00164313	
US*S00166886	
US*S00170040	
US*S00173263	
US*S00174981	
US*S00174992	
US*S00175982	
US*S00176507	
US*S00178047	
US*S00181562	
US*S00181643	
US*S00182095	
US*S00183650	
US000980301	43.0
US010355758	107.0
US010382980	
US010393663	221.0
US010393723	6800.0
US010404322	218.0
US010413282	652.0
US010425066	188.0
US010526993	2265.0
US010562944	15900.0
US010573945	5400.0
US010592299	
US010609375	8600.0
US010616867	114.0
US010666114	2671.0
US010724376	2210.0
US010789977	
US010894487	716.0
US010949984	6.0
US020377419	108.0
US020381573	500.0
US020405716	164.0
US020430695	288.0
US020433924	1500.0
US020478229	677.0
US020513618	2155.0
US020556934	25915.0
US020563302	
US020563870	48.0
US020636095	1783.0
US020642224	12864.0
US020681276	66.0
US020692322	118.0
US020732285	25.0
US020781046	15273.0
US030283552	
US030287342	307.0
US030338873	1900.0
US030366218	
US030416362	46.0
US030422069	19.0
US030450326	89000.0
US030460133	923.0
US030483872	
US030491827	118.0
US030567133	628.0
US030573898	
US041442480	111.0
US041717070	10626.0
US041866480	1804.0
US042052042	8000.0
US042103460	12000.0
US042147929	7943.0
US042207613	216000.0
US042209186	
US042240991	311.0
US042260388	10772.0
US042271897	4600.0
US042272148	4100.0
US042277512	2181.0
US042295040	
US042302115	6700.0
US042314970	722.0
US042348234	9700.0
US042372210	511.0
US042441294	
US042454372	1679.0
US042456637	32356.0
US042458042	49.0
US042473675	765.0
US042498617	374.0
US042564110	5880.0
US042594045	1722.0
US042619298	
US042623104	2567.0
US042648081	3800.0
US042680009	72000.0
US042693383	840.0
US042695240	25000.0
US042713778	1305.0
US042718215	1473.0
US042723701	23800.0
US042726691	317.0
US042729386	168.0
US042735766	
US042739697	1372.0
US042741391	629.0
US042742593	
US042742817	985.0
US042743260	589.0
US042746201	1766.0
US042776269	18660.0
US042787865	3333.0
US042795439	
US042797789	1345.0
US042825458	339.0
US042832409	
US042833935	176.0
US042837575	
US042866152	5982.0
US042870273	1500.0
US042882273	3383.0
US042896127	75371.0
US042902449	5290.0
US042911026	
US042916536	5000.0
US042921333	2500.0
US042949533	16260.0
US042959321	318.0
US042976299	890.0
US042977748	1522.0
US042985631	
US042997780	12900.0
US043039129	1950.0
US043040660	1426.0
US043072298	62.0
US043072771	459.0
US043099750	7834.0
US043106389	
US043110160	
US043125110	857.0
US043145961	107.0
US043158289	68.0
US043197974	660.0
US043205099	69.0
US043210530	426.0
US043218510	3500.0
US043219960	2800.0
US043221586	36.0
US043257395	115.0
US043262075	
US043263626	
US043284048	1429.0
US043291176	175.0
US043295311	375.0
US043306140	462.0
US043308180	48.0
US043308902	375.0
US043321804	19.0
US043324394	614.0
US043363001	6379.0
US043387074	1049.0
US043387530	4668.0
US043392453	39.0
US043398462	6000.0
US043398741	2300.0
US043402944	675.0
US043404176	474.0
US043416587	320.0
US043432319	6084.0
US043444218	3740.0
US043454702	3600.0
US043475813	17.0
US043477276	2500.0
US043483216	696.0
US043505116	44.0
US043508648	10.0
US043510455	1221.0
US043512838	1037.0
US043512883	9247.0
US043514457	73.0
US043516029	24800.0
US043522315	49.0
US043523891	647.0
US043536131	
US043559972	274.0
US043560178	452.0
US043561634	258.0
US043562325	7.0
US043565120	7500.0
US043567753	58.0
US043569304	16.0
US043578653	40.0
US043581650	19.0
US043625550	733.0
US043639825	1679.0
US043648721	16.0
US043692546	5400.0
US043705970	600.0
US043721895	72.0
US043744954	1200.0
US043799139	1577.0
US043803169	
US043807511	574.0
US043836208	1647.0
US043837082	1148.0
US043850065	
US046268599	5000.0
US046558834	66.0
US050155090	5000.0
US050314991	11400.0
US050315468	35000.0
US050318215	329.0
US050344399	138.0
US050376157	8700.0
US050404671	750.0
US050412693	17500.0
US050420589	567.0
US050489664	1898.0
US050494040	243000.0
US050502529	
US050527861	871.0
US050605598	1100.0
US060236700	342.0
US060247840	4735.0
US060330020	911.0
US060397030	16200.0
US060495050	
US060513860	2800.0
US060548860	51250.0
US060570975	197000.0
US060613548	5258.0
US060619596	19200.0
US060633559	2180.0
US060739839	266.0
US060842255	20.0
US060853042	596.0
US060853807	3700.0
US060854886	1550.0
US060865505	2100.0
US060868496	34.0
US060918165	37300.0
US060984624	7500.0
US061059331	
US061119097	35900.0
US061123096	100.0
US061153720	14200.0
US061185400	1147.0
US061185706	
US061187536	2946.0
US061195422	4355.0
US061196501	33000.0
US061209796	10057.0
US061218089	600.0
US061245881	35.0
US061249050	26657.0
US061269834	9600.0
US061275288	5000.0
US061308215	14000.0
US061313069	1223.0
US061340090	
US061364380	8800.0
US061376651	160.0
US061377322	3448.0
US061393453	125.0
US061393745	1725.0
US061397316	8600.0
US061398235	
US061437793	3101.0
US061456680	125.0
US061500476	2550.0
US061514263	169.0
US061515824	
US061522496	12700.0
US061528493	15500.0
US061529524	
US061559137	
US061562417	230.0
US061571143	3500.0
US061571747	470.0
US061591613	269.0
US061594540	1895.0
US061599088	
US061614015	
US061652172	7186.0
US061672840	4600.0
US061686563	38.0
US061713274	139.0
US061826563	1900.0
US087363354	334.0
US110853640	15.0
US111059070	29.0
US111362020	3400.0
US111385670	1278.0
US111719724	29.0
US111720520	270.0
US111734643	461.0
US111796714	35.0
US111797126	671.0
US111806155	18500.0
US111817252	
US111890605	18800.0
US111893410	6000.0
US111986657	430.0
US112014231	
US112103466	12.0
US112125338	29000.0
US112139466	978.0
US112148932	80.0
US112153962	2362.0
US112160665	
US112165495	2500.0
US112238111	69.0
US112250488	62000.0
US112277818	1013.0
US112408943	44000.0
US112464137	465.0
US112464169	
US112481903	137.0
US112520310	280.0
US112534306	24197.0
US112617163	3095.0
US112621692	192.0
US112622630	6.0
US112644611	
US112672906	302.0
US112682486	1454.0
US112708279	375.0
US112928178	564.0
US112934195	429.0
US112948749	190.0
US112962080	132.0
US112989601	783.0
US113024080	75.0
US113027591	
US113054851	5.0
US113117311	4524.0
US113131700	16100.0
US113136595	19000.0
US113146460	1300.0
US113166443	228.0
US113170868	1501.0
US113200514	5000.0
US113209278	375.0
US113234779	
US113262067	3300.0
US113289165	6751.0
US113297463	375.0
US113412575	32.0
US113415180	13556.0
US113474831	
US113500746	134.0
US113516358	20.0
US113547680	1752.0
US113588546	
US113656261	2316.0
US113664322	5686.0
US113715772	
US113742489	48.0
US113744289	402.0
US116040273	19000.0
US126484783L	175.0
US127387325L	75.0
US130544597	28300.0
US130612970	8400.0
US130871985	377757.0
US130872805	56000.0
US131024020	49200.0
US131026995	20400.0
US131086010	2125.0
US131102020	3560.0
US131166910	34200.0
US131380631	
US131432060	6700.0
US131514814	74900.0
US131584302	263000.0
US131673581	99900.0
US131815595	37900.0
US131840497	1200.0
US131860817	23700.0
US131872319	6200.0
US131920657	1250.0
US131950218L	1500.0
US131950672	
US131952290	11200.0
US131955943	2600.0
US131964841	2100.0
US132566064	1174.0
US132578432	875.0
US132592361	
US132595091	13290.0
US132595932	1100.0
US132607329	320.0
US132614959	62500.0
US132615557	17500.0
US132622036	
US132626465	47457.0
US132635899	
US132637623	
US132670991	7500.0
US132682108	
US132711135	73.0
US132721761	37800.0
US132739290	522.0
US132744380	546.0
US132755856	13.0
US132842791	3600.0
US132857434	11000.0
US132866202	483.0
US133032158	6200.0
US133045573	4200.0
US133060083	1972.0
US133070826	1778.0
US133094658	
US133115216	
US133119827	10.0
US133136104	132.0
US133138397	
US133139732	23000.0
US133139843	195.0
US133145265	224.0
US133146673	12.0
US133147497	9.0
US133156768	2028.0
US133169913	
US133191702	197.0
US133228013	12200.0
US133250533	6576.0
US133260245	8800.0
US133275609	311.0
US133317783	
US133324058	157900.0
US133326724	6080.0
US133361050	6415.0
US133362547	7360.0
US133379479	66.0
US133385513	8900.0
US133386776	136200.0
US133391527	1356.0
US133404508	30000.0
US133430173	181.0
US133435103	80200.0
US133444607	4300.0
US133458955	798.0
US133475943	5090.0
US133486363	7200.0
US133487402	8500.0
US133487784	177.0
US133513936	47025.0
US133542736	4849.0
US133545623	15.0
US133588231	3578.0
US133607736	192.0
US133621676	
US133632859	5.0
US133637458	738.0
US133641539	136.0
US133648318	2924.0
US133662955	
US133668640	6600.0
US133668641	
US133675988	3500.0
US133679168	
US133680878	254.0
US133711155	958.0
US133714405	425.0
US133714474	277.0
US133717318	54.0
US133725229	2700.0
US133727655	69.0
US133728359	221700.0
US133757370	50000.0
US133768097	2125.0
US133769440	8600.0
US133808303	27.0
US133818604	2900.0
US133823358	8100.0
US133827791	
US133831168	535.0
US133849074	
US133861628	1006.0
US133863260	628.0
US133873847	3386.0
US133883101	568.0
US133893191	165000.0
US133895178	660.0
US133904174	129.0
US133906555	
US133912933	16800.0
US133918742	2003.0
US133926898	272.0
US133929237	159.0
US133937434	38000.0
US133950486	5900.0
US133951308	505000.0
US133956775	1177.0
US133965100	14806.0
US133974868	50.0
US133986004	106.0
US133995059	1900.0
US133998945	
US134007862	168.0
US134019460	36800.0
US134038723	2754.0
US134063515	7500.0
US134066229	1585.0
US134068197	
US134075851	62500.0
US134082185	3500.0
US134084693	175.0
US134087132	184.0
US134099534	24800.0
US134122844	49.0
US134146982	1998.0
US134148725	
US134149421	1122.0
US134151777	17500.0
US134172551	11300.0
US134181699	
US134204626	
US134219346	600.0
US134275891	
US134306188	2700.0
US134921002	2770.0
US134922250	54827.0
US134922640	17405.0
US134996950	4400.0
US135158950	9700.0
US135267260	2280.0
US135315170	97900.0
US135409005	73500.0
US135593032	4900.0
US135658129	27400.0
US136908486	120.0
US136943724	
US140462060	3900.0
US140689340	333000.0
US141387171	
US141541629	2900.0
US141626307	
US141630287	750.0
US141682544	15400.0
US141742717	2220.0
US141798693	6809.0
US141809721	
US141850535	130.0
US141896129	500.0
US141902018	1292.0
US141904657	275.0
US141951112	688.0
US141961545	1600.0
US141985604	375.0
US141999058	
US143071803L	1.0
US149183822L	750.0
US149186642L	75.0
US149195129L	750.0
US149198162L	75.0
US149209348L	750.0
US149209459L	17500.0
US150238546L	1500.0
US160393470	35700.0
US160417150	6400.0
US160422120	127.0
US160442930	10020.0
US160468020	143600.0
US160470200	
US160547600	2747.0
US160716709	9000.0
US160733425	3100.0
US160757636	10691.0
US160797789	
US160816610	660.0
US160837866	
US160838627	6557.0
US160874418	443.0
US160912632	3600.0
US160959303	2300.0
US160961359	
US160968385	17476.0
US160971022	
US160977505	3400.0
US161124166	13000.0
US161171179	21974.0
US161194043	1429.0
US161194720	397.0
US161213679	3500.0
US161229730	104.0
US161237038	377.0
US161241537	37200.0
US161268674	1721.0
US161287774	20350.0
US161332767	
US161387013	691.0
US161387862	44000.0
US161434688	1010.0
US161445150	2628.0
US161482357	998.0
US161531026	9559.0
US161542712	387.0
US161590339	394.0
US161616605	1432.0
US161620029	264.0
US161630142	14.0
US161685692	
US161690064	2820.0
US161694602	157.0
US161694797	605.0
US161725106	
US161736884	2700.0
US161751069	379.0
US161755067	95.0
US174262263L	1.0
US174266790L	75.0
US174267189L	75.0
US180965109L	175.0
US196306431L	375.0
US200004161	82.0
US200019425	108.0
US200028718	125.0
US200052541	37700.0
US200057959	39.0
US200062867	772.0
US200064269	
US200065053	
US200068852	99.0
US200077155	27.0
US200094687	307.0
US200098515	1200.0
US200138994	52.0
US200141677	47.0
US200154352	233.0
US200191742	50.0
US200198082	11.0
US200216690	2743.0
US200216859	137.0
US200218264	
US200259496	1058.0
US200280837	275.0
US200411521	917.0
US200422823	185.0
US200467835	1356.0
US200477066	750.0
US200484934	
US200486586	19700.0
US200498783	1300.0
US200500300	
US200546644	5700.0
US200634715	2300.0
US200640002	7500.0
US200645710	8669.0
US200700684	323.0
US200711133	583.0
US200812170	1979.0
US200833098	
US200836269	50000.0
US200865835	10500.0
US200915291	
US200953973	4262.0
US200982939	943.0
US201000967	27.0
US201024732	1837.0
US201026454	8900.0
US201076777	3209.0
US201083890	47900.0
US201164345	
US201180098	26.0
US201195343	515.0
US201296886	50.0
US201297589	187.0
US201303994	1233.0
US201308307	2340.0
US201334845	677.0
US201352180	1237.0
US201367539	412.0
US201380758	1387.0
US201409613	2665.0
US201417448	181.0
US201431677	
US201446869	772.0
US201450200	72.0
US201480589	45000.0
US201489747	6655.0
US201515952	1006.0
US201531029	12.0
US201538254	40000.0
US201548921	3100.0
US201579162	413.0
US201585173	
US201616267	175.0
US201643718	2511.0
US201665019	12691.0
US201677033	509.0
US201700361	2600.0
US201751121	1200.0
US201764048	41000.0
US201778374	51.0
US201796526	174.0
US201852016	25.0
US201854266	3826.0
US201878963	2142.0
US201884894	190.0
US201898451	1226.0
US201920798	178000.0
US201945088	29000.0
US201968197	
US201994619	197.0
US202056195	3686.0
US202096338	572.0
US202110031	142.0
US202122262	1313.0
US202164234	5400.0
US202287134	704.0
US202311383	5880.0
US202436320	15200.0
US202454942	4502.0
US202463898	430.0
US202480422	5200.0
US202530195	2637.0
US202543857	
US202559624	234.0
US202574314	
US202590184	
US202632791	1157.0
US202652949	236.0
US202680869	25.0
US202697511	2900.0
US202699372	6400.0
US202705720	18730.0
US202706637	658.0
US202714444	1370.0
US202726770	11.0
US202733559	20000.0
US202735523	274.0
US202760393	55.0
US202777218	29188.0
US202783228	1740.0
US202807265	5910.0
US202835920	62.0
US202908277	826.0
US202932652	
US202960116	318.0
US203031526	1693.0
US203068069	82000.0
US203073047	600.0
US203109565	70.0
US203179218	861.0
US203183915	27.0
US203211574	2000.0
US203237489	672.0
US203247759	7700.0
US203265614	1260.0
US203289482	494.0
US203340900	500.0
US203341405	261.0
US203356009	3650.0
US203419541	7.0
US203435077	55.0
US203472415	7347.0
US203489991	152.0
US203515052	9200.0
US203530539	30000.0
US203533152	1160.0
US203547095	4100.0
US203552316	65300.0
US203562868	18000.0
US203563182	5171.0
US203594554	3300.0
US203598485	750.0
US203699764	
US203700861	143.0
US203701075	1870.0
US203717839	3410.0
US203735949	
US203823853	44.0
US203842867	11000.0
US203933262	562.0
US203934755	88700.0
US203940944	318.0
US203960974	1300.0
US204062622	
US204072657	15.0
US204075963	
US204139823	47.0
US204145825	1145.0
US204158835	
US204327508	482.0
US204458244	366.0
US204486142	259.0
US204495993	750.0
US204524700	624.0
US204531180	10000.0
US204536774	22000.0
US204580525	18.0
US204623678	6350.0
US204627978	243.0
US204645388	543.0
US204647180	511.0
US204672080	
US204718752	108.0
US204729288	
US204731239	350.0
US204743916	6709.0
US204745690	1200.0
US204745737	3018.0
US204797391	
US204839882	59.0
US204840562	112.0
US204898921	819.0
US204929029	175.0
US204988129	27.0
US205001120	2335.0
US205093315	
US205101287	
US205120010	
US205137161	
US205157386	34.0
US205197013	8000.0
US205234618	16000.0
US205258327	54.0
US205261587	984.0
US205276217	69.0
US205300780	62.0
US205313323	248.0
US205336063	449.0
US205338862	440.0
US205340172	21395.0
US205383745	
US205413139	6000.0
US205441563	2670.0
US205446972	564.0
US205455398	192.0
US205480343	195.0
US205490327	19300.0
US205530657	406.0
US205551000	96.0
US205556885	
US205560161	94.0
US205621294	
US205653152	2591.0
US205654756	3156.0
US205657551	182.0
US205665602	634.0
US205701514	23400.0
US205717694	7295.0
US205728270	342.0
US205785879	673.0
US205818205	17800.0
US205856795	
US205894398	26.0
US205894890	9.0
US205901152	9850.0
US205913059	888.0
US205952523	200.0
US205956993	4100.0
US205961396	
US205961564	740.0
US205993609	48.0
US205997364	1600.0
US208023072	248.0
US208023465	100000.0
US208050955	11400.0
US208099512	22.0
US208133057	17.0
US208159608	8900.0
US208179278	43.0
US208185347	116.0
US208203420	
US208235463	1474.0
US208236097	265500.0
US208250744	
US208251355	123.0
US208259086	154.0
US208365999	
US208370041	1010.0
US208380461	35.0
US208444387	
US208447886	7.0
US208447891	4652.0
US208453116	4921.0
US208468508	
US208481962	12429.0
US208527075	16.0
US208536244	16900.0
US208536826	480.0
US208579133	6799.0
US208627710	289.0
US208639702	208.0
US208647322	9100.0
US208729264	51.0
US208737688	
US208738320	13000.0
US208740447	5200.0
US208744739	14400.0
US208756903	63.0
US208814402	274.0
US208819207	5400.0
US208839445	175.0
US208859754	259.0
US208873453	186.0
US208874704	5211.0
US208881738	699.0
US208901733	129.0
US208913779	3898.0
US208915510	930.0
US208920744	1101.0
US208969493	31.0
US208988475	772.0
US210419870	18600.0
US210682685	1400.0
US220760120	49517.0
US220790350	25000.0
US221024240	127100.0
US221114430	293.0
US221318955	2000.0
US221344998	244.0
US221441806	
US221454160	14900.0
US221463699	7971.0
US221467904	55000.0
US221576170	6750.0
US221657413	
US221657560	4089.0
US221659359	
US221734088	
US221760285	1680.0
US221831409	
US221851059	2078.0
US221852179	7200.0
US221867895	
US221890929	345.0
US221895850	4814.0
US221897375	15.0
US221899798	
US221901645	720.0
US221916107	2600.0
US221918501	68000.0
US221935537	3400.0
US222084119	2.0
US222168890	
US222267658	157.0
US222286646	560.0
US222343568	221.0
US222370659	125.0
US222376465	991.0
US222448962	750.0
US222476135	1228.0
US222477875	2929.0
US222535818	
US222582295	
US222590301	749.0
US222625848	13025.0
US222640650	129000.0
US222711928	6971.0
US222746503	543.0
US222769024	4400.0
US222781933	27000.0
US222785165	50700.0
US222816046	443.0
US222866913	750.0
US222919486	65.0
US222953275	551.0
US222983783	36.0
US223086739	22000.0
US223106987	459.0
US223136782	
US223162262L	1.0
US223166696L	17500.0
US223240619	6307.0
US223270799	101.0
US223282551	162.0
US223285224	41.0
US223305147	530.0
US223341267	5700.0
US223351447	
US223410353	3646.0
US223412577	393.0
US223415036	1250.0
US223447504	2379.0
US223475473	
US223479661	7.0
US223493930	1500.0
US223509099	246.0
US223514823	11000.0
US223531208	572.0
US223536104	18354.0
US223537895	316.0
US223584037	155.0
US223627252	36.0
US223661438	
US223662292	
US223665653	175.0
US223672377	439.0
US223703799	
US223720962	141.0
US223725387	5000.0
US223755993	11.0
US223803741	424.0
US223832302	
US223868459	405.0
US223935108	
US230366390	7600.0
US230458500	4900.0
US230628360	4375.0
US230691590	20710.0
US230787699	502.0
US230936837L	35.0
US230993790	2040.0
US231069060	
US231128670	3248.0
US231147939	12200.0
US231180120	64000.0
US231210010	7100.0
US231242500	104.0
US231274455	19700.0
US231483991	10800.0
US231498399	2491.0
US231614034	88000.0
US231701044	2529.0
US231702594	1617.0
US231707341	3500.0
US231722724	22200.0
US231739078	308.0
US231886144	750.0
US231948942	132.0
US232003332	24000.0
US232018365	8600.0
US232077891	72600.0
US232078856	1846.0
US232195389	3460.0
US232222567	118.0
US232226454	375.0
US232229683	
US232233457	296.0
US232234473	18204.0
US232259884	177700.0
US232328753	263.0
US232372688	154.0
US232391852	348.0
US232394430	900.0
US232413352	401.0
US232416878	3900.0
US232424711	
US232428543	282.0
US232432497	1765.0
US232434506	572.0
US232451943	375.0
US232486815	277.0
US232507402	88.0
US232530374	302.0
US232577138	
US232588479	20000.0
US232668356	8500.0
US232679963	66.0
US232691170	
US232705690	15.0
US232707366	325.0
US232715194	116.0
US232725311	5345.0
US232758192	12799.0
US232787918	8800.0
US232812193	119.0
US232828306	
US232835229	
US232908305	228.0
US232919819	870.0
US232936302	16.0
US232947217	383.0
US232956944	352.0
US232990190	29762.0
US232996071	845.0
US233012204	451.0
US233016517	762.0
US233016883	750.0
US233058564	9500.0
US233079390	16500.0
US233083125	4422.0
US233096839	1225.0
US236216339	397.0
US236858580	
US237768996	384.0
US240581669L	
US240755415	19000.0
US249548465L	175.0
US250317820	60000.0
US250396625L	175.0
US250464690	1914.0
US250466020	3500.0
US250530110	1090.0
US250644320	10300.0
US250668780	4600.0
US250730780	46600.0
US250790410	4104.0
US250900168	12718.0
US250996816	2611.0
US251117717	1027.0
US251190717	3868.0
US251214948	8490.0
US251229323	
US251255406	2747.0
US251324733	1406.0
US251370721	
US251424278	318.0
US251428528	1500.0
US251434426	1500.0
US251435979	49148.0
US251450605	439.0
US251606091	
US251615902	13000.0
US251655321	1565.0
US251666413	
US251701361	390.0
US251710500	
US251723342	9300.0
US251724540	634.0
US251792394	9200.0
US251797617	22500.0
US251811499	51.0
US251837219	1662.0
US251843385	9200.0
US251854385	110.0
US251897152	33200.0
US256002536	
US257631509L	
US257632028L	1.0
US257638358L	35.0
US258721424L	75.0
US260037077	105000.0
US260038620	157.0
US260065262	375.0
US260075658	20500.0
US260081711	1295.0
US260084895	734.0
US260097459	
US260159761	522.0
US260174894	750.0
US260179592	21.0
US260237871	9300.0
US260238387	11290.0
US260250418	
US260267673	11300.0
US260273989	
US260303916	21300.0
US260344657	1386.0
US260351454	1251.0
US260359894	573.0
US260389433	10.0
US260405422	12000.0
US260414014	2700.0
US260486780	14000.0
US260489289	160.0
US260491904	75.0
US260500600	69.0
US260508760	495.0
US260513559	267.0
US260563295	
US260565401	
US260610707	107.0
US260630461	32.0
US260656684	240.0
US260657736	20.0
US260662915	208.0
US260734029	371.0
US260784194	9.0
US260868560	53.0
US260893742	406.0
US261075808	364.0
US261141886	44.0
US261169687	
US261212370	580.0
US261219283	75.0
US261232727	4400.0
US261251524	3600.0
US261251958	9200.0
US261303944	61.0
US261336998	106.0
US261342272	6000.0
US261349956	89.0
US261367393	
US261381340	375.0
US261388364	48.0
US261394771	
US261398293	1833.0
US261418899	1104.0
US261434750	28.0
US261469215	53.0
US261501877	893.0
US261523233	188.0
US261531856	23100.0
US261561397	2693.0
US261631624	2170.0
US261647258	1500.0
US261701984	
US261739297	1100.0
US261824804	31.0
US261851813	179.0
US261870780	32.0
US261911571	17144.0
US261989091	464.0
US262007174	44.0
US262017431	661.0
US262018846	167800.0
US262025616	20.0
US262056298	
US262123838	
US262318591	382.0
US262326676	135.0
US262335939	1004.0
US262383102	130.0
US262414818	312.0
US262439072	92.0
US262590070	85.0
US262590893	6600.0
US262590997	5600.0
US262593535	11.0
US262644445	93.0
US262704131L	175.0
US262735737	1500.0
US262749336	
US262753540	800.0
US262774444	26.0
US262792552	550.0
US262797813	
US262828128	18000.0
US262828185	166.0
US262841711	3380.0
US262844103	25.0
US262866476L	35.0
US262940963	82.0
US262990113	161.0
US262994223	7918.0
US263088162	1500.0
US263106014L	175.0
US263147209	1122.0
US263170823L	
US263171987	4570.0
US263474527	
US263505687	767.0
US263632015	81.0
US263636023	625.0
US263687168	37.0
US263718801	996.0
US263931704	105.0
US263963351	482.0
US264106690	44.0
US264231384	24.0
US264278917	4800.0
US264411091	1268.0
US264413382	165.0
US264480276	175.0
US264532998	3313.0
US264567130	
US264596286	327.0
US264674701	275.0
US264687975	9600.0
US264700031	
US264738379	88.0
US264753208	7.0
US264785427	597.0
US270000798	153000.0
US270016420	89.0
US270072226	102.0
US270099920	46500.0
US270111478	552.0
US270119051	535.0
US270162450	1641.0
US270186273	
US270223495	220.0
US270247747	
US270291921	214.0
US270306875	1100.0
US270372343	12.0
US270383995	651.0
US270395455	81.0
US270419483	347.0
US270423711	769.0
US270463349	2064.0
US270467113	
US270472098	689.0
US270560089	272.0
US270563799	1500.0
US270573782	206.0
US270587428	602.0
US270624498	9300.0
US270659371	226.0
US270756180	215000.0
US270775699	649.0
US270821169	226.0
US270855785	
US270881542	90.0
US270903295	9872.0
US270950358	2186.0
US270973566	
US270986328	2352.0
US271041563	9.0
US271046208	3500.0
US271049354	230.0
US271055421	27.0
US271069557	1300.0
US271088083	
US271204330	
US271220297	11300.0
US271262675	18.0
US271275784	64.0
US271284632	45440.0
US271310817	1842.0
US271316416	417.0
US271341991	36100.0
US271347616	449.0
US271356759	50.0
US271430478	234.0
US271449820	165.0
US271454759	1291.0
US271488943	82.0
US271524986	185.0
US271560715	168.0
US271594952	1173.0
US271650905	1073.0
US271701898	280.0
US271707962	8.0
US271712193	
US271744232	750.0
US271840403	74.0
US271855740	126.0
US271925611	391.0
US271996555	2900.0
US272053069	233.0
US272166630	15500.0
US272197395	11500.0
US272228185	991.0
US272249687	119.0
US272290659	517.0
US272349094	2101.0
US272366329	44.0
US272440197	1730.0
US272504700	737.0
US272546083	249.0
US272560479	12.0
US272631712	651.0
US272646153	20800.0
US272767540	181.0
US272866866	1577.0
US272909425	3400.0
US272935063	2950.0
US272962512	40.0
US272963337	1700.0
US272977810	481.0
US272992077	342.0
US273099608	68.0
US273267680	62.0
US273268672	804.0
US273269467	22.0
US273338708	131.0
US273379612	11400.0
US273403111	6400.0
US273427920	3100.0
US273441203L	1.0
US273521219	65.0
US273561876	1026.0
US273564100	317.0
US273615821	109.0
US273679414	8300.0
US273797217	
US273857670	46.0
US273865930	233000.0
US273939016	
US274107242	475.0
US274151603	965.0
US274326290	86.0
US274332098	23000.0
US274384691	164000.0
US274452594	161.0
US274486580	62.0
US274662601	151.0
US274674207	32.0
US274683816	
US274825712	55.0
US274867100	2218.0
US275017321	
US275403694	2506.0
US275466079	
US276990649	20.0
US281335689	17700.0
US282384011	
US300091294	3070.0
US300108820	30078.0
US300278688	135.0
US300349798	84.0
US300390693	1087.0
US300399914	
US300472319	954.0
US300513080	3579.0
US300628335	235.0
US300687898	64.0
US300709968	20.0
US300740483	11850.0
US300784346	38.0
US300818558	
US300831007	
US300831760	
US300843609	1100.0
US300855134	
US310267900	19000.0
US310345740	431000.0
US310387920	32600.0
US310411980	110000.0
US310595760	7700.0
US310596149	5100.0
US310621189	
US310724920	12418.0
US310746639	11900.0
US310746871	
US310791746	14406.0
US310854434	18261.0
US310888197	580.0
US310888951	1283.0
US310958666	34500.0
US310987416	817.0
US311029810	87900.0
US311042001	
US311056105	3250.0
US311080091	62.0
US311095548	116.0
US311103425	
US311125853	3550.0
US311168055	12000.0
US311179518	1500.0
US311188630	32000.0
US311189815	10500.0
US311210837	1008.0
US311223339	3800.0
US311241495	13900.0
US311324304	
US311332119	31.0
US311359191	
US311364046	2418.0
US311401455	8500.0
US311414921	
US311420852	1189.0
US311429215	16000.0
US311455414	123.0
US311455915	44000.0
US311469076	46000.0
US311481870	1525.0
US311544320	
US311557791	
US311598292	130000.0
US311626393	280.0
US311637659	5500.0
US311786871	137.0
US314388903	13150.0
US314421866	7471.0
US320045263	11.0
US320047154	1100.0
US320058047	637.0
US320097377	435.0
US320162505	18.0
US320163571	811.0
US320174431	17500.0
US320255852	
US320330122	
US320331600	20000.0
US320375147	28000.0
US320414408	
US320415537	
US320420206	148.0
US320434238	
US320436529	
US320439307	319.0
US320454912	946.0
US320468861	
US330022692	2446.0
US330029027	191.0
US330091377	187.0
US330112644	7350.0
US330145723	323.0
US330174996	3400.0
US330204817	2309.0
US330238801	5810.0
US330239910	2430.0
US330272839	57.0
US330282651	3548.0
US330326866	21.0
US330336973	428.0
US330344842	97.0
US330361285	58.0
US330362767	110.0
US330368882	3700.0
US330379007	10400.0
US330459135	935.0
US330475989	2850.0
US330485615	20500.0
US330525145	120.0
US330537669	
US330564430	661.0
US330580106	132.0
US330595156	54.0
US330599368	
US330604557	938.0
US330628530	7592.0
US330637631	
US330655706	222.0
US330684451	
US330702205	1460.0
US330704889	528.0
US330711569	200.0
US330724736	274.0
US330727287	44.0
US330728374	234.0
US330732627	17387.0
US330743196	375.0
US330745043	46.0
US330768598	1600.0
US330804655	
US330827593	80.0
US330832424	2516.0
US330843840	90.0
US330846191	290.0
US330857544	1509.0
US330861263	16494.0
US330864902	586.0
US330867444	467.0
US330885320	1670.0
US330885775	4230.0
US330898238	160.0
US330903395	131.0
US330927079	38758.0
US330927979	10.0
US330937517	417.0
US330945304	2064.0
US330945406	182.0
US330956711	76449.0
US330960223	41.0
US330961490	124.0
US330963637	819.0
US330964185	
US330968580	994.0
US330969592	157.0
US330971591	10.0
US330989359	547.0
US331007393	
US331022198	7200.0
US331031445	6282.0
US331077078	229.0
US331089684	750.0
US331111329	623.0
US331135689	
US331145559	127.0
US331151291	7400.0
US340117420	5839.0
US340183970	16000.0
US340217820	4846.0
US340244000	4823.0
US340253240	66000.0
US340253990	1274.0
US340276860	22300.0
US340451060	54750.0
US340514850	5000.0
US340526850	40706.0
US340538550	7370.0
US340553950	593.0
US340577130	14000.0
US340590250	6232.0
US340676895	2645.0
US340778636	2360.0
US340907152	504.0
US340963169	
US341096634	476.0
US341245650	1740.0
US341312571	744.0
US341339938	4112.0
US341371693	432.0
US341395608	
US341405357	
US341464672	2638.0
US341505819	3600.0
US341516518	
US341531521	20400.0
US341558688	375.0
US341559357	6543.0
US341560655	1900.0
US341562374	3443.0
US341566328	9500.0
US341585111	
US341598949	4100.0
US341607394	
US341712937	4266.0
US341723097	576.0
US341730488	6900.0
US341803915	750.0
US341818596	808.0
US341830213	60.0
US341831554	821.0
US341843785	15781.0
US341856319	375.0
US341860551	10000.0
US341863889	388.0
US341867219	6000.0
US341877137	
US341897652	2235.0
US341919973	2450.0
US341940305	430.0
US341981437	
US342037221	450.0
US342037594	23.0
US344297750	9119.0
US346513657	
US346542451	13483.0
US346647590	
US350160330	
US350160610	15200.0
US350225010	2883.0
US350257090	55200.0
US350470950	41275.0
US350514506	2894.0
US350827455	
US351038277	1200.0
US351057796	3542.0
US351068133	1150.0
US351140070	
US351150732	769.0
US351160484	10000.0
US351345024	
US351537210	14300.0
US351539838	2652.0
US351542018	1120.0
US351544218	1529.0
US351546989	896.0
US351547518	479.0
US351559596	750.0
US351562245	750.0
US351562417	750.0
US351736614	5500.0
US351740409	500.0
US351929476	7500.0
US351938254	345.0
US351969140	78.0
US352047713	4300.0
US352056949	167.0
US352085640	391.0
US352086905	5600.0
US352089858	40.0
US352108964	7596.0
US352145715	
US352164875	88.0
US352177773	82.0
US352194038	375.0
US352215019	4300.0
US352318913	406.0
US352333914	7000.0
US352382255	12495.0
US352423994	756.0
US352451470	606.0
US352456698	
US352470286	
US352477140	1800.0
US352478370	725.0
US352496142	1600.0
US360698440	74000.0
US360781620	50000.0
US360848180	12607.0
US360879160	1515.0
US360904920	
US360922490	6093.0
US361004130	68400.0
US361063330	2200.0
US361115800	
US361124040	2253.0
US361150280	25800.0
US361169950	4285.0
US361258310	48000.0
US361678417	
US361823834	2073.0
US361880355	8000.0
US361944630	
US361984010	6900.0
US362048898	797.0
US362061311	8400.0
US362090085	4295.0
US362096643	338.0
US362151613	21500.0
US362229304	1500.0
US362257936	28330.0
US362274391	
US362334820	4850.0
US362361282	420000.0
US362382580	57200.0
US362419677	1450.0
US362443580	11520.0
US362495346	10000.0
US362512786	6000.0
US362517428	15036.0
US362668272	60000.0
US362669023	10400.0
US362675207	84000.0
US362675536	7000.0
US362678171	
US362681268	1659.0
US362704017	5020.0
US362723087	16200.0
US362848943	106.0
US363141189	6400.0
US363143493	375.0
US363145350	
US363145972	56218.0
US363150143	13404.0
US363154957	232.0
US363158643	4075.0
US363161078	1790.0
US363161171	13050.0
US363228472	6000.0
US363297908	3930.0
US363329400	8900.0
US363352497	7800.0
US363359573	13200.0
US363442829	370.0
US363514169	17200.0
US363526027	424.0
US363555336	6801.0
US363601505	
US363640402	28594.0
US363681151	1219.0
US363685240	26500.0
US363795742	
US363840979	24500.0
US363853103	13000.0
US363855489	18.0
US363857664	4100.0
US363871531	
US363873352	3770.0
US363898269	40.0
US363918470	
US363922969	
US363932190	7251.0
US363935116	170.0
US363943363	3800.0
US363972986	1984.0
US364007085	2633.0
US364062333	13000.0
US364094854	5411.0
US364128138	
US364150422	60000.0
US364151663	352.0
US364159663	5618.0
US364169320	545.0
US364173371	3366.0
US364197337	
US364215970	31100.0
US364219376	35.0
US364276525	18800.0
US364277050	13000.0
US364304577	241.0
US364316614	9800.0
US364324765	1111.0
US364339870	148.0
US364370966	326.0
US364392754	6900.0
US364412642	17400.0
US364415727	473.0
US364419301	244.0
US364459170	3500.0
US364460265	2980.0
US364466837	7000.0
US364468504	1341.0
US364485550	2850.0
US364528166	30.0
US364670835	93.0
US364673192	1000.0
US364742850	37.0
US364767730	
US364767846	111.0
US364771642	22.0
US364791171	3949.0
US364791999	3809.0
US364797143	353.0
US364798491	
US364802442	5100.0
US364814372	82.0
US366097429	
US366169860	
US370602744	105700.0
US370684070	22958.0
US370889946	
US370911756	
US371078406	750.0
US371103704	750.0
US371172197	
US371454128	68.0
US371470730	145.0
US371490331	55000.0
US371516132	2100.0
US371530765	113.0
US371567871	
US371634325	850.0
US371641316	
US371645259	850.0
US371653648	305.0
US371661577	
US371702463	968.0
US371737959	50000.0
US371744624	1204.0
US371744899	8200.0
US380387840	23000.0
US380471180	21200.0
US380549190	199000.0
US380572512	7100.0
US380593940	15200.0
US380710690	33577.0
US380715562	
US380751137	8270.0
US380819050	11000.0
US380837640	7510.0
US381016240	6000.0
US381054690	1823.0
US381185150	6550.0
US381239739	27000.0
US381285128	49500.0
US381465835	7000.0
US381490038	97000.0
US381510762	8100.0
US381686453	22400.0
US381747023	4847.0
US381794485	25000.0
US381799862	
US381886260	161000.0
US381998421	8880.0
US381999511	1425.0
US382022454	2116.0
US382030505	4757.0
US382032782	792.0
US382033632	615.0
US382046833	6000.0
US382062816	175.0
US382063100	1667.0
US382078923	1900.0
US382312018	24537.0
US382364843	1062.0
US382381442	344.0
US382478409	1596.0
US382511577	11900.0
US382687639	4200.0
US382726431	7804.0
US382730780	1790.0
US382766606	4542.0
US383041398	58.0
US383042953	1141.0
US383148187	20.0
US383150651	2713.0
US383217752	10000.0
US383306461	2231.0
US383317208	300.0
US383354643	8400.0
US383360865	639.0
US383391345	375.0
US383394611	109.0
US383516922	297.0
US383519512	11000.0
US383572512	122.0
US383640097	5108.0
US383686388	314.0
US383765318	1160.0
US383826477	57.0
US383898306	1500.0
US383899432	
US383910250	9509.0
US383916511	2323.0
US383919441	7165.0
US383924636	6000.0
US383941859	122.0
US383942097	936.0
US383976287	21.0
US390143280	1514.0
US390168610	5600.0
US390178960	6560.0
US390182330	5480.0
US390380010	139000.0
US390394230	43000.0
US390448110	
US390482000	6900.0
US390494170	1090.0
US390520270	13300.0
US390561070	4032.0
US390619790	13400.0
US390622040	11500.0
US390667110	921.0
US390702200	662.0
US390875718	26200.0
US391098068	4383.0
US391126612	
US391139844	
US391140809	3577.0
US391144397	181.0
US391152983	22500.0
US391168275	60.0
US391268055	244.0
US391344447	14000.0
US391380265	4070.0
US391382325	5700.0
US391388360	387.0
US391391525	8211.0
US391434669	11400.0
US391486475	
US391506125	22000.0
US391536083	1200.0
US391564801	1187.0
US391566457	13400.0
US391576570	242.0
US391630919	140000.0
US391672779	27000.0
US391715850	
US391783372	202.0
US391795614	4200.0
US391804239	3420.0
US391847269	198.0
US391850431	102.0
US391987014	59.0
US392004336	563.0
US392040501	708.0
US392072586	31.0
US410129150	32300.0
US410215170	341000.0
US410216800	5874.0
US410222640	12500.0
US410231510	47000.0
US410251095	12511.0
US410255900	62500.0
US410268370	4400.0
US410274440	42000.0
US410285640	3200.0
US410319970	20700.0
US410417775	89446.0
US410418150	1945.0
US410423660	8689.0
US410448030	11687.0
US410449260	2900.0
US410449530	8000.0
US410518430	786.0
US410518860	
US410572550	3164.0
US410580470	6874.0
US410617000	38000.0
US410691607	
US410730027	
US410747868	3860.0
US410749934	47000.0
US410771293	419.0
US410856543	633.0
US410857886	75.0
US410886515	7000.0
US410901840	2412.0
US410903312	256.0
US410907483	125000.0
US410908057	2400.0
US410919654	4614.0
US410943459	
US410948415	20746.0
US410957999	674.0
US410985960	75.0
US411016855	
US411276891	18000.0
US411301878	
US411321939	
US411347235	182.0
US411350192	108.0
US411356149	168.0
US411424202	47.0
US411427402	1356.0
US411443470	1670.0
US411454591	
US411458152	36.0
US411472057	
US411519168	69.0
US411532464	565.0
US411577970	192.0
US411579150	
US411590959	7693.0
US411591444	6755.0
US411597886	3484.0
US411622691	108.0
US411649949	17.0
US411656308	63.0
US411659606	7100.0
US411672694	12300.0
US411673770	1300.0
US411681094	
US411717955	2887.0
US411724239	10468.0
US411732920	97.0
US411775532	
US411777397	
US411782300	2585.0
US411790959	8100.0
US411838504	600.0
US411859679	568.0
US411881957	
US411883630	13159.0
US411913991	2563.0
US411939628	1549.0
US411941551	3557.0
US411990662	6700.0
US412015127	1046.0
US412079252	8505.0
US412103550	51.0
US412116508	325.0
US412118289	462.0
US412150446	367.0
US412170618	465.0
US412193603	36.0
US412232463	2400.0
US420410230	3825.0
US420442319	1340.0
US420617510	10400.0
US420802678	2900.0
US420823980	5400.0
US420920725	83.0
US420935283	31766.0
US420991521	10000.0
US421039071	175.0
US421206172	648.0
US421230603	175.0
US421241468	67.0
US421397595	406.0
US421405748	1500.0
US421406262	634.0
US421406317	
US421411715	
US421447959	
US421491350	210.0
US421515522	721.0
US421520346	
US421547151	951.0
US421556195	5428.0
US421558674	3000.0
US421560076	62.0
US421579325	240.0
US421583209	449.0
US421604756	30.0
US421628978	961.0
US421631980	375.0
US421648585	15000.0
US421733483	1669.0
US421777485	106.0
US426234555	
US430178130	17696.0
US430197190	11000.0
US430259330	110800.0
US430334550	
US430889454	4770.0
US430903811	3830.0
US431128385	5822.0
US431196944	22200.0
US431265338	908.0
US431273600	7032.0
US431301883	281450.0
US431309065	1945.0
US431481791	2407.0
US431524856	1270.0
US431554045	2104.0
US431581814	13420.0
US431626350	342.0
US431627032	
US431665523	311.0
US431698480	4028.0
US431706259	375.0
US431723446	8527.0
US431790877	49.0
US431792717	
US431793922	450.0
US431816913	509.0
US431857213	23800.0
US431863181	6000.0
US431878297	22500.0
US431883836	4100.0
US431916803	2899.0
US431918951	1300.0
US431930755	274.0
US431966972	652.0
US431979754	31.0
US431983182	12000.0
US432052503	1894.0
US432099257	2331.0
US432109021	15000.0
US440236370	749.0
US440324630	20000.0
US440607856	3500.0
US440618012	71943.0
US440663509	6670.0
US445500552	61.0
US450311232	433.0
US450357838	2547.0
US450466694	925.0
US450491516	22200.0
US450522567	24.0
US450567010	
US450679215	
US450705648	
US450832318	22049.0
US451472564	87.0
US451496206	343.0
US451505676	2309.0
US451834449	
US451836028	1040.0
US452069276	145.0
US452080495	12700.0
US452156869	6740.0
US452164791	4900.0
US452302834	
US452433192	447.0
US452463413	
US452482685	350.0
US452492228	26400.0
US452598330	10000.0
US452609100	474.0
US452637964	590.0
US452681082	
US452748244	38.0
US452771978	
US452842469	90.0
US452884094	25900.0
US452934823	400.0
US452973162	21.0
US452988924	9520.0
US453007926	340.0
US453052669	5400.0
US453090102	
US453148087	100.0
US453189287	504.0
US453190813	1132.0
US453204393	
US453219901	
US453355106	8500.0
US453449660	
US453458017	975.0
US453591625	
US453707650	4510.0
US453763855	2270.0
US453779385	14000.0
US453854852	9800.0
US454071747	
US454241907	11.0
US454320930	
US454488360	39.0
US454502447	141.0
US454585178	
US454685158	850.0
US454849780	1496.0
US454950432	
US455010536	
US455034161	2830.0
US455045230	
US455055422	475.0
US455188530	
US455200503	
US455210462	19.0
US455307782	
US455338504	175.0
US455353489	2848.0
US455379027	
US455538095	1410.0
US455605880	3685.0
US456276683	
US460172280	1608.0
US460246171	910.0
US460306862	2750.0
US460408024	104.0
US460418532	271.0
US460458824	2003.0
US460484987	20800.0
US460539758	18231.0
US460552933	1700.0
US460571712	18.0
US460599018	5300.0
US460631061	5300.0
US460633510	
US460678374	
US460691837	400.0
US460696167	9000.0
US460810241	2860.0
US460920988	55.0
US460967367	
US461047971	41.0
US461073877	
US461160142	57.0
US461170005	
US461214914	139.0
US461229660	781.0
US461314400	77.0
US461315605	3.0
US461318953	52.0
US461347456	32.0
US461365950	15569.0
US461537286	48.0
US461561499	40.0
US461684608	275.0
US461750895	8174.0
US461777204	
US461834307	
US461846791	734.0
US461932921	15000.0
US461972941	
US462024407	70.0
US462078182	42000.0
US462116489	792.0
US462279221	9800.0
US462346314	1450.0
US462457757	7.0
US462488594	
US462519850	
US462598540	157.0
US462613366	476.0
US462627595	111.0
US462654405	113.0
US462672999	1300.0
US462693615	47.0
US462783806	14.0
US462809094	720.0
US462847717	12326.0
US462888322	4600.0
US462908664	1105.0
US462935427	
US462950970	25000.0
US462956775	
US462996673	17.0
US463003182	
US463037859	700.0
US463044956	2593.0
US463088013	489.0
US463140312	3500.0
US463205923	562.0
US463234977	8800.0
US463263598	
US463312262	
US463337365	
US463340980	6690.0
US463472728	665.0
US463561936	3400.0
US463575334	78.0
US463640387	12000.0
US463656275	306.0
US463657681	7800.0
US463681098	5400.0
US463755188	123.0
US463769850	13.0
US463785773	
US463838291	
US463891989	
US463942159	59.0
US464007249	156.0
US464024640	509.0
US464024951	2600.0
US464054283	7500.0
US464066644	1320.0
US464097528	67.0
US464097730	
US464108528	1432.0
US464109058	480.0
US464149994	
US464191184	5000.0
US464228084	2138.0
US464241720	175.0
US464254555	10250.0
US464312787	23.0
US464314192	212.0
US464323686	710.0
US464341605	
US464348039	12.0
US464421625	665.0
US464500216	660.0
US464559529	1200.0
US464670809	33.0
US464710769	484.0
US464780940	
US464812998	210.0
US464845564	8100.0
US464987888	12000.0
US465037387	3202.0
US465087339	34.0
US465135781	
US465182047	53700.0
US465223743	
US465230630	37.0
US465288992	
US465292553	108.0
US465453215	189.0
US465670947	1700.0
US465743146	8900.0
US465769934	4761.0
US470210602	12500.0
US470248710	32900.0
US470351813	10697.0
US470366193	8600.0
US470554096	1324.0
US470587703	316.0
US470634000	375.0
US470648386	9192.0
US470684736	2760.0
US470702918	808.0
US470728886	1200.0
US470731996	24000.0
US470772104	4576.0
US470777362	10630.0
US470783182	3277.0
US470810385	
US470813844	
US470871001	276.0
US470898685	850.0
US470899439	65.0
US470912023	9372.0
US470934168	7.0
US470937650	
US470945740	3008.0
US470956945	1469.0
US470967316	
US471054194	
US471130638	80.0
US471169572	
US471197305	4981.0
US471210911	
US471211994	23900.0
US471254894	
US471420222	12000.0
US471523659	196.0
US471557755	
US471569198	782.0
US471608715	3400.0
US471639172	2900.0
US471645716	2204.0
US471669563	70.0
US471758322	360000.0
US471830316	3323.0
US471846692	107.0
US471851754	56.0
US471869689	17000.0
US471919173	
US471941186	2215.0
US471982552	1968.0
US471984212	4300.0
US472047728	25.0
US472266942	732.0
US472390983	18700.0
US472482414	979.0
US472783641	5700.0
US473096382	8000.0
US473108385	1550.0
US473110748	8000.0
US473159268	
US473251758	300.0
US473282259	7000.0
US473298142	
US473298624	240000.0
US473335141	41400.0
US473373056	8364.0
US473445032	
US473494862	428.0
US473574483	2700.0
US473620923	5100.0
US473822258	
US473844457	
US473916571	46.0
US473936076	2900.0
US474168492	3.0
US474303305	3700.0
US474310550	14000.0
US474452789	161.0
US474510443	2.0
US474583763	3.0
US474625716	5500.0
US474725208	14000.0
US475500436	
US476311266	124.0
US480290150	2330.0
US480531200	293.0
US480920712	2680.0
US480948788	32000.0
US481056429	1300.0
US481129619	
US481229851	8700.0
US481293684	37.0
US492989869	16800.0
US510002090	
US510014090	52000.0
US510063696	6700.0
US510064146	
US510068479	11268.0
US510100517	73.0
US510105665	3950.0
US510261715	1691.0
US510263969	10806.0
US510283071	
US510291762	5200.0
US510317849	3500.0
US510323571	1947.0
US510327886	510.0
US510337383	3114.0
US510340466	37600.0
US510347683	3400.0
US510347963	15153.0
US510350842	2840.0
US510354549	60400.0
US510357525	57.0
US510363307	1087.0
US510371142	1608.0
US510378542	64100.0
US510407811	20.0
US510414140	1407.0
US510414846	1203.0
US510424817	102.0
US510483352	12000.0
US510484716	8200.0
US510500737	350.0
US510596811	87.0
US510605731	1382.0
US510610340	810.0
US510619477	487.0
US510633881	577.0
US510653504	3779.0
US510658510	
US510665952	112.0
US520408290	10000.0
US520551284	3500.0
US520729657	
US520782497	436.0
US520812977	87500.0
US520845774	3250.0
US520845822	30.0
US520849320	
US520898545	
US521165937	3824.0
US521166660	1306.0
US521188014	30456.0
US521193298	188000.0
US521200960	3500.0
US521206400	
US521209792	1462.0
US521222820	
US521256615	25.0
US521261113	4634.0
US521273725	175.0
US521375208	5300.0
US521380770	325.0
US521382541	375.0
US521401755	
US521468699	3500.0
US521494660	8000.0
US521532952	721.0
US521549373	20.0
US521568099	231000.0
US521578738	71.0
US521604305	34100.0
US521611421	
US521652138	175.0
US521660951	144.0
US521726127	152.0
US521762325	1800.0
US521782444	
US521794271	149.0
US521833074	61.0
US521841431	12.0
US521868008	
US521889548	
US521893632	126000.0
US521974638	293.0
US521975978	1464.0
US521984749	750.0
US521990078	14200.0
US522007292	33.0
US522024090	3000.0
US522040275	300.0
US522055918	127500.0
US522056410	4600.0
US522057472	13225.0
US522061461	434.0
US522077581	859.0
US522080478	5600.0
US522084569	14000.0
US522091509	2631.0
US522107911	
US522113479	80.0
US522126395	
US522126573	661.0
US522130962	1247.0
US522135448	
US522141938	2125.0
US522150697	5500.0
US522154066	86.0
US522183153	2500.0
US522209244	886.0
US522210912	1529.0
US522230784	342.0
US522242751	15800.0
US522263942	91.0
US522264646	7500.0
US522284372	99000.0
US522314475	19500.0
US522319066	4584.0
US522337274	836.0
US530085950	240.0
US530182885	11500.0
US530257888	26000.0
US530261100	174.0
US540135270	2237.0
US540251350	645.0
US540414210	27000.0
US540646173	500.0
US540649263	2057.0
US540850433	
US540852979	556.0
US540857512	1611.0
US541000588	17000.0
US541138147	5070.0
US541162807	730.0
US541163725	21000.0
US541229715	14700.0
US541237042	
US541265373	
US541272589	100.0
US541284688	375.0
US541288193	
US541317776	60380.0
US541345888	16600.0
US541375874	175.0
US541394360	4300.0
US541497771	2800.0
US541560050	175.0
US541598552	1422.0
US541680165	598.0
US541692118	6963.0
US541696103	203.0
US541701843	5800.0
US541708481	1970.0
US541719854	45400.0
US541746567	3281.0
US541817218	986.0
US541821055	22429.0
US541866052	311.0
US541874630	750.0
US541887631	13800.0
US541896433	643.0
US541909697	125.0
US541910453	700.0
US541910608	1477.0
US541954458	1910.0
US541955550	1500.0
US541956515	
US541959284	
US541972729	125.0
US542049910	73000.0
US542053718	750.0
US542072041	1050.0
US542091194	3900.0
US542185193	132000.0
US550571723	1500.0
US550619957	750.0
US550641179	1701.0
US550672148	175.0
US550694814	673.0
US550856151	
US550865043	
US560292920	5000.0
US560306860	213.0
US560484485	10500.0
US560556998	1943.0
US560578072	270000.0
US560674867	790.0
US560732648	17000.0
US560751714	17931.0
US560846267	25000.0
US560906609	213000.0
US560939887	37200.0
US560950585	7600.0
US561001967	1188.0
US561110199	
US561383460	54550.0
US561421916	750.0
US561431377	62.0
US561456589	750.0
US561528994	5734.0
US561546236	10284.0
US561572719	6387.0
US561764501	87.0
US561815473	625.0
US561848578	7300.0
US561871668	447.0
US561928817	82.0
US561999749	56.0
US562010790	9800.0
US562020050	19.0
US562110007	136.0
US562127592	510.0
US562132396	309.0
US562169715	5200.0
US562181648	
US562197865	83.0
US562215437	192.0
US562257867	601.0
US562357876	869.0
US562358443	78.0
US562362196	300.0
US562405642	3700.0
US562423720	89.0
US562463152	387.0
US562466617	
US562508977	788.0
US562542838	1000.0
US562558241	949.0
US562568057	308.0
US562590442	72.0
US562596148	103.0
US562677689	149.0
US570248420	21000.0
US570425114	
US570426694	411.0
US570525804	261.0
US570784499	5829.0
US570799315	2058.0
US570847115	1421.0
US570923789	
US570965380	2000.0
US570981653	512.0
US571010751	186.0
US571021355	77.0
US571039673	407.0
US571150621	2890.0
US571222280	947.0
US580218548	82949.0
US580254510	39600.0
US580281900	3596.0
US580285030	3819.0
US580401110	8000.0
US580506554	8941.0
US580628465	123200.0
US580678148	141.0
US580687630	12700.0
US580690070	26703.0
US580831862	5500.0
US580869052	257.0
US581027114	
US581076937	6900.0
US581098795	402.0
US581134883	4452.0
US581167100	
US581392259	175.0
US581407235	
US581416811	1246.0
US581451243	3346.0
US581456434	1304.0
US581469127	15700.0
US581492391	375.0
US581493818	10500.0
US581550675	619.0
US581550825	3100.0
US581563799	5830.0
US581575035	24043.0
US581642740	31.0
US581701987	154.0
US581807304	1883.0
US581869211	1085.0
US581954497	262.0
US581959440	
US581960019	19600.0
US581964787	
US581972600	400.0
US582016606	2130.0
US582086934	1063.0
US582122873	
US582210952	5203.0
US582213805	1460.0
US582301143	108.0
US582336689	375.0
US582342021	
US582349413	87.0
US582373424	2930.0
US582459561	167.0
US582480149	266000.0
US582488736	411.0
US582508794	7400.0
US582567903	4438.0
US582572419	767.0
US582582379	10900.0
US582632672	7800.0
US582659667	267.0
US590172746	
US590432511	55.0
US590483700	14.0
US590709342	807.0
US590739250	37500.0
US590778222	5000.0
US590864469	7807.0
US590877638	
US590906081	346.0
US590914138	2550.0
US590933147	216.0
US590936128	
US591162998	2700.0
US591212264	19.0
US591277135	11159.0
US591564329	
US591578329	9000.0
US591914299	
US591995548	81000.0
US592052286	3713.0
US592058100	76.0
US592260678	750.0
US592262718	60.0
US592273542	858.0
US592389435	22700.0
US592417093	540.0
US592449419	13800.0
US592459427	4700.0
US592603930	674.0
US592605822	1200.0
US592663954	49000.0
US592712887	5000.0
US592754337	680.0
US592758596	105.0
US592921318	1231.0
US592971472	23.0
US593046866	238.0
US593157093	1288.0
US593191743	371.0
US593264661	2800.0
US593305930	148892.0
US593404233	
US593410234	235.0
US593410522	
US593434771	118.0
US593466543	1169.0
US593486297	107.0
US593496957	1289.0
US593547281	1600.0
US593551629	190.0
US593553710	35.0
US593590018	1027.0
US593606741	784.0
US593843182	
US610143150	4400.0
US610156015	4530.0
US610458329	142.0
US610502302	113400.0
US610647538	
US610862051	750.0
US610912615	
US610979818	1500.0
US611009366	123.0
US611017851	501.0
US611055020	466.0
US611088522	92000.0
US611109077	2290.0
US611137529	555.0
US611142247	244.0
US611203323	22350.0
US611206757	344.0
US611321992	735.0
US611322555	
US611323993	
US611414604	
US611430858	1817.0
US611478870	3855.0
US611484858	
US611488595	2500.0
US611511150	1500.0
US611512186	1332.0
US611521161	381.0
US611547851	21.0
US611551890	3500.0
US611630631	282.0
US611714064	
US611721523	
US611742322	
US611767919	61814.0
US617178923	
US620183370	1822.0
US620211340	45775.0
US620634010	9336.0
US620803242	3500.0
US620873631	1395.0
US621051971	29000.0
US621096725	4741.0
US621117144	2400.0
US621120025	4536.0
US621147325	6400.0
US621175427	228.0
US621287151	6821.0
US621411546	21400.0
US621411755	33000.0
US621413174	70.0
US621443555	972.0
US621470956	
US621482048	81000.0
US621482176	
US621493316	12400.0
US621507028	236.0
US621539359	15000.0
US621543819	1989.0
US621545718	744.0
US621559667	6300.0
US621566286	990.0
US621598430	
US621612879	3100.0
US621644402	27700.0
US621715807	29.0
US621721435	166000.0
US621749513	72000.0
US621763875	14055.0
US621765329	78.0
US621812853	1065.0
US630250005	
US630475239	32100.0
US630589368	23916.0
US630757759	470.0
US630780404	
US630821819	489.0
US630843362	
US630851141	1360.0
US630860407	16533.0
US630885779	175.0
US630918200	1991.0
US631009183	129.0
US631020300	
US631192270	20.0
US631261433	
US640466198	11000.0
US640471500	2941.0
US640500378	2872.0
US640615843	1554.0
US640659571	4002.0
US640666512	
US640676974	1996.0
US640693170	3921.0
US640709834	
US640844345	93.0
US640862173	287.0
US650039856	17500.0
US650043078	
US650149935	266.0
US650190407	175.0
US650231984	
US650248866	
US650271219	5400.0
US650341002	4600.0
US650403311	1290.0
US650423422	517.0
US650507804	375.0
US650548697	8300.0
US650636168	339.0
US650643773	223.0
US650654331	23000.0
US650680967	182.0
US650694077	2880.0
US650701248	1307.0
US650716501	1310.0
US650716904	33000.0
US650750100	971.0
US650773649	6700.0
US650829355	15900.0
US650908171	375.0
US650949535	1367.0
US650955118	
US650960915	809.0
US650977964	2044.0
US651051192	4900.0
US651178822	67.0
US651241959	
US651309110	22300.0
US651310069	190.0
US651311552	60.0
US660538893	1496.0
US660555678	
US660561882	2758.0
US660667416	7500.0
US660783622	
US680070656	104.0
US680262011	176.0
US680275553	3300.0
US680328265	619.0
US680329422	211.0
US680352144	
US680359556	119.0
US680370244	198.0
US680397820	2158.0
US680423298	34.0
US680438710	895.0
US680454536	26.0
US680521411	510.0
US680533453	38.0
US680533693	62.0
US680589190	2300.0
US680623433	1084.0
US680680859	143.0
US710205415	2597.0
US710225165	113000.0
US710335111	21562.0
US710361522	1258.0
US710388071	40000.0
US710407808	1946.0
US710415188	2300000.0
US710556208	1642.0
US710556971	2300.0
US710581897	4320.0
US710633135	3049.0
US710673405	11000.0
US710682831	1500.0
US710720518	22.0
US710785261	541.0
US710788538	501.0
US710795870	536.0
US710872999	91.0
US710879698	5548.0
US710881115	175.0
US710918189	6835.0
US710987913	6089.0
US711051785	175.0
US720144530	
US720395707	2694.0
US720487776	8500.0
US720496921	
US720651161	43000.0
US720654145	704.0
US720679819	5232.0
US720717400	2172.0
US720925679	
US721020809	750.0
US721060618	4350.0
US721074903	5330.0
US721100013	665.0
US721121985	297.0
US721123385	1980.0
US721133047	1111.0
US721147390	1326.0
US721211572	114.0
US721229752	13579.0
US721235413	310.0
US721252419	1640.0
US721280718	3500.0
US721375844	1233.0
US721440714	119.0
US721449411	3200.0
US721455213	938.0
US721532188	262.0
US730569878	6578.0
US730618660	2567.0
US730664379	746.0
US730679879	6738.0
US730750007	
US730767549	1143.0
US730785597	2395.0
US731015226	1928.0
US731055775	21.0
US731105145	26000.0
US731136584	375.0
US731221379	1744.0
US731283193	1179.0
US731309529	40600.0
US731351610	
US731352174	4826.0
US731371046	363.0
US731373454	4789.0
US731389684	
US731395733	4400.0
US731408526	68.0
US731481638	2586.0
US731493906	9466.0
US731520922	2364.0
US731521290	230.0
US731564280	
US731564807	
US731567067	6600.0
US731599053	1640.0
US740484030	
US740607870	
US740694415	7505.0
US741335253	8352.0
US741339132	15922.0
US741464203	312.0
US741488375	23785.0
US741492779	315.0
US741504405	100.0
US741563240	49600.0
US741611874	1868.0
US741621248	3030.0
US741648137	51700.0
US741677284	5573.0
US741677330	7500.0
US741733016	6700.0
US741751768	4211.0
US741753147	809.0
US741765729	5900.0
US741790172	24500.0
US741828067	10103.0
US741871327	7441.0
US741884980	4200.0
US741989366	88800.0
US742081929	103.0
US742088619	1700.0
US742095844	1125.0
US742123597	245.0
US742148293	3000.0
US742157138	3500.0
US742162088	2319.0
US742211011	10500.0
US742235008	
US742331986	3037.0
US742415696	132.0
US742418590	
US742480931	34500.0
US742540145	
US742584033	99.0
US742657168	75.0
US742747608	797.0
US742781950	
US742785449	126.0
US742793174	1199.0
US742806888	5600.0
US742846643	
US742851603	24500.0
US742853258	2678.0
US742897368	850.0
US742956831	1251.0
US742961657	219.0
US742966572	2860.0
US742976504	3078.0
US743016523	6189.0
US743032373	1500.0
US743113410	63.0
US743140887	1890.0
US743204509	2200.0
US743231613	
US743237581	6.0
US746284806	
US750164917	99.0
US750225040	11490.0
US750256410	
US750279735	8.0
US750289970	29977.0
US750725338	9126.0
US750789226	323.0
US750944023	1270.0
US750948250	3538.0
US751056913	2704.0
US751256622	
US751285071	39000.0
US751328153	
US751618004	31800.0
US751670945	1400.0
US751729843	22000.0
US751743247	4753.0
US751825172	118500.0
US751848732	683.0
US751914582	53000.0
US752018239	6049.0
US752018505	15100.0
US752027937	14.0
US752069407	
US752212772	40.0
US752216818	192.0
US752237318	8600.0
US752274963	1331.0
US752275152	9500.0
US752287752	20.0
US752303920	3586.0
US752308816	1726.0
US752349915	375.0
US752379388	8300.0
US752386963	6230.0
US752396863	264.0
US752398532	8820.0
US752399477	
US752402409	5936.0
US752504748	3400.0
US752508900	
US752520779	2000.0
US752541756	63.0
US752543540	584.0
US752559681	16960.0
US752599762	136.0
US752615944	
US752640529	657.0
US752677995	65000.0
US752678809	7384.0
US752679109	1329.0
US752702753	3732.0
US752771546	478.0
US752788861	4100.0
US752811855	263.0
US752837058	2100.0
US752847135	
US752926437	70.0
US752969997	168.0
US752987096	
US753000378	7600.0
US753078675	3799.0
US753099507	24000.0
US753108137	
US753175693	20.0
US753199276	251.0
US753236470	11300.0
US753241967	
US753254381	20.0
US753264870	565.0
US756279898	
US760127701	5326.0
US760146568	5800.0
US760168604	1033.0
US760207995	43000.0
US760210849	210.0
US760233274	26.0
US760274813	125.0
US760294959	2280.0
US760321760	3400.0
US760333165	26.0
US760346924	4225.0
US760364866	2400.0
US760415919	215.0
US760423828	2317.0
US760447780	978.0
US760458229	2150.0
US760470458	2700.0
US760474169	
US760475815	50197.0
US760476605	3586.0
US760479645	2400.0
US760506313	12886.0
US760509661	3234.0
US760513049	1400.0
US760515284	30000.0
US760526032	1100.0
US760526487	7301.0
US760533927	2513.0
US760542208	3106.0
US760562134	627.0
US760568219	6800.0
US760582150	5400.0
US760594970	95.0
US760674577	6.0
US760675953	
US760677208	546.0
US760681190	1739.0
US760722250	65.0
US760753089	3108.0
US760818600	1121.0
US760837053	23.0
US766088377	1750.0
US770019522	13893.0
US770021975	2707.0
US770024818	1104.0
US770034661	7700.0
US770056625	
US770059951	71833.0
US770066628	399.0
US770105228	1680.0
US770118518	1789.0
US770121400	
US770140882	958.0
US770142404	565.0
US770148231	6700.0
US770154833	1067.0
US770158076	25.0
US770160744	21.0
US770181864	
US770188504	91.0
US770188631	3451.0
US770191793	8790.0
US770192527	310.0
US770196136	155.0
US770196707	27.0
US770201147	989.0
US770203595	87.0
US770207692	
US770208119	299.0
US770210467	108.0
US770212977	2209.0
US770213001	
US770216135	
US770218904	999.0
US770228183	43854.0
US770239383	1800.0
US770259335	622.0
US770260692	333.0
US770291941	104.0
US770307520	12810.0
US770309142	1781.0
US770312442	
US770313235	10.0
US770353939	2247.0
US770355502	3796.0
US770357827	353.0
US770364943	491.0
US770365889	434.0
US770369576	1806.0
US770388249	375.0
US770390628	20.0
US770398689	10400.0
US770398779	
US770404318	2981.0
US770409517	4640.0
US770416458	3211.0
US770419172	963.0
US770422528	9058.0
US770430270	1351.0
US770430924	11600.0
US770432030	117.0
US770438629	901.0
US770441625	1700.0
US770443568	1063.0
US770444317	305.0
US770446957	
US770448994	1155.0
US770454966	600.0
US770463167	724.0
US770466366	562.0
US770466789	1260.0
US770467272	3700.0
US770467655	484.0
US770469558	260.0
US770485123	618.0
US770487526	5042.0
US770487658	83.0
US770492262	262.0
US770512121	638.0
US770513190	584.0
US770518772	11800.0
US770521800	579.0
US770523891	
US770528806	721.0
US770534145	510.0
US770539125	273.0
US770551645	103.0
US770552594	802.0
US770554122	1576.0
US770556376	259.0
US770557980	472.0
US770558625	1005.0
US770560389	4018.0
US770560433	2056.0
US770567768	27.0
US770575839	384.0
US770602661	369.0
US770627356	1600.0
US770629474	1539.0
US770664171	1404.0
US770683487	156.0
US770695453	658.0
US791627673	175.0
US800000545	139.0
US800028196	10.0
US800036062	700.0
US800091851	1089.0
US800103159	3444.0
US800145732	75.0
US800162034	480.0
US800188269	26000.0
US800318351	7660.0
US800429876	1449.0
US800534394	6578.0
US800558025	5300.0
US800629925	375.0
US800640649	65000.0
US800643149	253.0
US800697274	593.0
US800743202	3008.0
US800752082	123.0
US800763623	2961.0
US800778894	
US800798640	5551.0
US800808358	4053.0
US800812659	627.0
US800817763	
US800848819	5000.0
US800862253	10956.0
US800882592	290.0
US800882793	2509.0
US800885255	300.0
US800895227	37500.0
US800907968	116.0
US800912734	
US800937145	311.0
US800943522	
US800957485	1461.0
US810305822	83.0
US810331430	1742.0
US810422894	8500.0
US810480654	1439.0
US810519541	2245.0
US810551518	24.0
US810553291	2045.0
US810559116	
US810571538	80.0
US810578975	2745.0
US820109423	2005.0
US820429727	15.0
US820505802	2023.0
US820538520	143.0
US820543156	7500.0
US820545425	175.0
US820572194	24100.0
US830205516	1.0
US830221517	
US830361454	
US830374250	355.0
US830380411	1491.0
US830406195	3220.0
US830479936	740.0
US830480694	439.0
US840178360	15100.0
US840518115	
US840579156	56.0
US840592823	51.0
US840608431	424.0
US840622967	1225.0
US840627918	
US840637348	182.0
US840705083	7.0
US840748903	3400.0
US840755371	
US840796160	282.0
US840811034	
US840811316	179.0
US840826324	532.0
US840835164	20.0
US840846841	1382.0
US840872291	276.0
US840910696	300.0
US840915893	4798.0
US840916344	
US840925128	135.0
US840957421	
US840997049	892.0
US841007839	
US841010843	242.0
US841014610	740.0
US841018684	22.0
US841060803	744.0
US841072256	113.0
US841108035	222.0
US841113527	296.0
US841133368	1431.0
US841219301	59330.0
US841250533	7300.0
US841259577	1591.0
US841261240	
US841271317	1638.0
US841285791	5.0
US841291044	44000.0
US841318182	28.0
US841353925	
US841370538	14500.0
US841375299	56.0
US841460811	156.0
US841463284	352.0
US841472231	49.0
US841473173	12.0
US841475642	28.0
US841477939	5300.0
US841491682	857.0
US841496755	56940.0
US841553387	5.0
US841568247	597.0
US841573084	28933.0
US841611629	15600.0
US841652107	995.0
US841659868	1300.0
US850206668	
US850468296	1868.0
US850470977	1251.0
US860226984	2020.0
US860411215	503.0
US860419443	34000.0
US860512431	93.0
US860611231	1409.0
US860629024	
US860649974	6196.0
US860708398	173.0
US860741227	670.0
US860748362	1982.0
US860766246	5761.0
US860786101	1100.0
US860812139	6000.0
US860824673	1330.0
US860845127	
US860879433	112.0
US860883978	158.0
US860912294	87.0
US861032927	126.0
US861062192	108.0
US861106510	2100.0
US870110150	2280.0
US870227400	10200.0
US870233535	122.0
US870267438	17.0
US870287750	693.0
US870292166	18300.0
US870342734	169.0
US870361799	44.0
US870398434	
US870398877	165.0
US870401551	810.0
US870407509	1759.0
US870418827	77.0
US870430320	
US870442441	200.0
US870447375	
US870447695	3754.0
US870448736	1676.0
US870449967	24.0
US870450450	
US870454148	600.0
US870494517	2038.0
US870500306	1664.0
US870515089	845.0
US870528557	1015.0
US870543688	1749.0
US870547337	2831.0
US870565309	4800.0
US870617894	16862.0
US870622021	362.0
US870634302	1900.0
US870652870	11.0
US870673375	
US870698303	1366.0
US870747704	86.0
US870748324	20.0
US870792558	7000.0
US880031580	
US880085720	2219.0
US880097334	
US880106100	2803.0
US880106815	25400.0
US880142032	
US880168936	226.0
US880215232	59500.0
US880242733	18243.0
US880300760	2100.0
US880310433	704.0
US880313393	27.0
US880320154	4623.0
US880322261	
US880326081	1060.0
US880336997	18000.0
US880363465	33.0
US880365922	1446.0
US880378336	18.0
US880409160	680.0
US880422242	
US880425691	155.0
US880434915	
US880442833	
US880488686	216.0
US900023731	534.0
US900031917	4.0
US900093373	108.0
US900134860	113.0
US900136863	24.0
US900199783	1867.0
US900224471	166.0
US900363723	557.0
US900475355	309.0
US900544160	104.0
US900607005	36000.0
US900632193	49.0
US900632274	
US900640593	1125.0
US900712224	11550.0
US900726667	484.0
US900729143	
US900746568	
US900750824	332.0
US900772394	
US900776290	1700.0
US900779788	265.0
US900832937	
US900840530	
US900867250	176.0
US900886803	501.0
US900893251	116.0
US900907433	1600.0
US900933943	
US900936556	128.0
US900978085	187.0
US901002689	
US901022997	99.0
US901032961	7426.0
US901038273	18.0
US910186600	2139.0
US910351110	23000.0
US910425694	161400.0
US910462470	1874.0
US910470860	12600.0
US910515058	72500.0
US910538859	
US910849125	4866.0
US910864123	
US911011792	7500.0
US911032187	1783.0
US911033443	29570.0
US911040022	7000.0
US911069248	15397.0
US911141254	814.0
US911144442	118000.0
US911206026	
US911223280	205000.0
US911273737	42.0
US911287341	5500.0
US911292054	13858.0
US911313292	66.0
US911325671	238000.0
US911422237	1868.0
US911533912	149.0
US911549568	30.0
US911600822	67.0
US911628146	579.0
US911646860	230800.0
US911650317	4200.0
US911650880	
US911653725	15.0
US911661606	1838.0
US911663741	162.0
US911671412	2875.0
US911691604	1918.0
US911696010	
US911707622	16.0
US911714307	4178.0
US911718107	772.0
US911761992	215.0
US911789357	37.0
US911826900	13500.0
US911838969	
US911857900	717.0
US911859172	137.0
US911863696	245.0
US911874389	759.0
US911911336	8.0
US911922863	29.0
US911962278	2089.0
US911963165	352.0
US911975651	
US912112732	
US912143667	750.0
US912145721	650.0
US912197729	13058.0
US920072737	2370.0
US920175752	441.0
US930256722	1502.0
US930256820	2646.0
US930341923	2955.0
US930370304	695.0
US930498284	5978.0
US930557988	676.0
US930572810	9574.0
US930584541	62600.0
US930609074	4800.0
US930621989	3060.0
US930708501	3003.0
US930768752	10450.0
US930786033	5700.0
US930797222	270.0
US930816972	10689.0
US930822509	546.0
US930835214	1146.0
US930856709	502.0
US930926999	4500.0
US930945232	710.0
US930948554	69.0
US930962605	1282.0
US930979187	212.0
US930981021	
US931000272	365.0
US931034484	513.0
US931120873	2364.0
US931151989	
US931214598	205.0
US931261319	4491.0
US931269184	322.0
US931301885	10.0
US931307561	819.0
US940479804	6000.0
US940787340	
US940890210	61500.0
US941081436	287000.0
US941109521	5897.0
US941369354	120000.0
US941381833	
US941390387	77800.0
US941499887	2803.0
US941517641	77.0
US941622541	2586.0
US941648752	16100.0
US941655526	14600.0
US941658138	8700.0
US941667468	125.0
US941672743	107300.0
US941692300	9100.0
US941697231	141000.0
US941721931	
US941741481	327.0
US942156203	813.0
US942203880	20500.0
US942276314	518.0
US942359345	7300.0
US942404110	110000.0
US942424084	
US942450490	2924.0
US942573850	624.0
US942579683	4900.0
US942579843	1016.0
US942586591	507.0
US942634797	7300.0
US942656341	
US942657368	10200.0
US942665054	1250.0
US942669985	
US942683643	314.0
US942703333	72500.0
US942723335	375.0
US942778785	4868.0
US942792841	1011.0
US942802192	8451.0
US942819853	9500.0
US942823865	
US942838567	8400.0
US942844166	3421.0
US942848099	717.0
US942867490	4267.0
US942875566	148.0
US942878925	65.0
US942885898	6279.0
US942896096	8250.0
US942918118	
US943002667	470.0
US943008969	8309.0
US943018487	
US943021850	
US943023969	10.0
US943025021	15316.0
US943025618	550.0
US943030279	2790.0
US943031310	702.0
US943038428	13400.0
US943047598	8000.0
US943065014	595.0
US943076866	43.0
US943078125	74.0
US943086355	3136.0
US943096597	190.0
US943103561	21.0
US943109229	128.0
US943112828	495.0
US943115180	81.0
US943116852	590.0
US943120386	
US943125814	303.0
US943127919	136.0
US943128324	3451.0
US943133088	16.0
US943134940	435.0
US943136179	82.0
US943136539	692.0
US943156448	2670.0
US943156479	13500.0
US943166458	1451.0
US943169580	312.0
US943171940	13.0
US943171943	58.0
US943177549	9227.0
US943180138	156.0
US943184303	
US943196943	2498.0
US943207296	68000.0
US943219054	16.0
US943220749	
US943221585	1019.0
US943229046	494.0
US943234914	23000.0
US943248524	126.0
US943253730	2304.0
US943254365	58.0
US943263974	
US943265960	13.0
US943267295	4375.0
US943281941	1555.0
US943282005	1695.0
US943283464	7227.0
US943287832	44.0
US943288780	857.0
US943291317	100.0
US943292913	19000.0
US943295878	38.0
US943297098	106.0
US943306718	12.0
US943310471	4603.0
US943316839	
US943320693	19000.0
US943322844	759.0
US943327894	2200.0
US943330068	2016.0
US943330837	214.0
US943342816	357.0
US943348934	
US943351864	1348.0
US943352630	2219.0
US943354663	387.0
US943391143	70000.0
US943394123	692.0
US943409596	26.0
US943421359	8800.0
US943439569	205.0
US943450907	800.0
US946565852	
US950693330	2900.0
US950725980	1784.0
US950862768	6000.0
US951142616	14000.0
US951480559	2360.0
US951492269	
US951567322	31000.0
US951613718	
US951678055	8300.0
US951778176	
US951778500	61000.0
US951797918	433.0
US951934119	1600.0
US952039518	7695.0
US952043126	70000.0
US952086631	
US952110371	3700.0
US952119684	1335.0
US952211612	
US952390133	401.0
US952412961	410.0
US952557091	134630.0
US952583928	
US952588080	347.0
US952588496	
US952594729	3050.0
US952623879	3687.0
US952628227	11000.0
US952636730	362.0
US952680965	4700.0
US952698708	20700.0
US952705790	663.0
US952770395	953.0
US952848406	1037.0
US952888568	2915.0
US953015862	3400.0
US953038279	975.0
US953086563	
US953261426	385000.0
US953359658	2500.0
US953409686	1445.0
US953540776	17900.0
US953551121	5300.0
US953629339	
US953647070	415.0
US953666267	1680.0
US953679695	13500.0
US953685934	33000.0
US953698422	215.0
US953797439	360.0
US953797580	1700.0
US953848122	20.0
US953885184	2594.0
US953889638	1400.0
US953927330	
US953947402	7170.0
US954023433	3320.0
US954035997	11100.0
US954078884	18.0
US954079863	73.0
US954081636	64000.0
US954097995	12700.0
US954133299	350.0
US954137452	12768.0
US954148514	13000.0
US954170121	938.0
US954180883	236.0
US954182437	51.0
US954249240	
US954255452	
US954274680	1122.0
US954300881	142.0
US954302784	523.0
US954318554	10098.0
US954337490	7749.0
US954340199	204.0
US954343413	41.0
US954352386	888.0
US954372080	955.0
US954376145	
US954388794	9000.0
US954405754	42.0
US954431352	2492.0
US954448705	997.0
US954518700	3739.0
US954527222	
US954545390	185000.0
US954547287	62.0
US954557538	218.0
US954595609	60.0
US954598246	232.0
US954627685	1590.0
US954635982	1727.0
US954661210	420.0
US954676679	707.0
US954703316	2833.0
US954766827	1008.0
US954774688	4800.0
US954783236	1165.0
US954788120	609.0
US954803544	7300.0
US954812784	110.0
US954856877	286.0
US956021257	3500.0
US956881527	175.0
US980080034	3500.0
US980138393	
US980152841	4340.0
US980171860	4764.0
US980181725	1300.0
US980190072	
US980197680	
US980204667	10600.0
US980204758	
US980212790	3298.0
US980217544	42.0
US980221142	16.0
US980222013	510.0
US980351734	169.0
US980373793	54.0
US980376008	10.0
US980399476	61.0
US980417780	7.0
US980420726	7081.0
US980430762	385.0
US980443284	
US980468420	39.0
US980479924	301.0
US980495938	31.0
US980513637	
US980517725	19000.0
US980526415	8000.0
US980534701	375.0
US980536317	440.0
US980542593	24.0
US980557582	
US980573252	53.0
US980581100	
US980601045	98.0
US980668024	
US990032630	1663.0
US990107542	17.0
US990148992	2164.0
US990208097	3918.0
US990212597	789.0
US990370688	20.0
USFEI1015578	7500.0
USM27350	48000.0
USM46560	330.0
USM7203N	927.0
USMA0CD2	1500.0
USMA1AD8	3371.0
USMA458D	52.0
USMAC052	51.0
USMAC8E6	22080.0
USMACEC8	17.0
USMAF1C4	142.0
USMAF939	
USMB3788	1254.0
USMC2760	527.0
USMC4E36	535.0
USMC58E9	500.0
USMCB478	22500.0
USMCF71D	56.0
USMD5068	322.0
USME16D8	
USME3281	
USME7498	10600.0
USME82E4	2581.0
USMF4EF5	18.0
USMFC245	
USMFC246	
