,METRO_ID,Metropolitan areas,2000,2001,2002,2003,2004,2005,2006,2007,2008,2009,2010,2011,2012,2013,2014
0,AT001,Vienna,267.27,269.9,272.56,275.26,277.99,280.75,283.54,286.38,289.24,292.15,295.09,298.07,301.08,304.14,307.23
1,AT002,Graz,179.92,181.59,183.28,185.01,186.76,188.55,190.36,192.2,194.07,195.97,197.91,199.87,201.87,203.9,205.96
2,AT003,Linz,165.29,165.94,166.6,167.27,167.94,168.62,169.31,170.0,170.7,171.41,172.12,172.84,173.57,174.31,175.05
3,AUS,Australia,2.47,2.5,2.53,2.56,2.59,2.62,2.65,2.7,2.76,2.82,2.86,2.9,2.95,3.0,3.05
4,AUS01,Sydney,332.15,335.48,338.18,340.38,342.2,344.88,348.04,353.71,360.58,367.35,372.51,376.88,382.38,388.94,395.83
5,AUS02,Melbourne,342.35,346.45,350.93,355.73,360.47,365.96,372.23,380.25,389.13,399.06,406.39,412.67,420.9,430.03,439.49
6,AUS03,Brisbane,107.48,109.67,112.4,115.31,118.09,120.85,123.58,126.86,130.31,133.95,136.53,139.07,142.04,144.8,147.3
7,AUS04,Perth,226.8,230.66,233.7,237.11,240.94,244.87,249.93,258.1,266.72,275.67,282.29,290.6,301.9,312.68,320.34
8,AUS05,Adelaide,351.6,354.42,356.57,358.82,360.76,363.48,367.15,371.77,376.5,382.01,386.87,390.26,394.74,398.68,402.78
9,AUS06,Gold Coast-Tweed Heads,210.14,215.44,223.89,233.07,240.72,247.88,255.41,264.93,273.1,281.12,286.92,291.96,298.46,304.31,309.35
10,AUT,Austria,97.04,97.27,97.79,98.24,98.76,99.47,100.11,100.46,100.78,101.11,101.33,101.62,102.03,102.56,103.23
11,BE001,Brussels,689.41,696.17,703.01,709.94,716.96,724.08,731.28,738.59,745.99,753.49,761.09,768.79,776.59,784.5,792.51
12,BE002,Antwerp,844.6,850.03,855.51,861.05,866.63,872.26,877.94,883.68,889.46,895.3,901.19,907.13,913.13,919.18,925.29
13,BE003,Ghent,530.14,533.65,537.19,540.76,544.35,547.98,551.64,555.33,559.04,562.79,566.57,570.38,574.22,578.09,582.0
14,BE005,Liege,491.13,493.32,495.52,497.73,499.97,502.21,504.47,506.75,509.04,511.35,513.67,516.01,518.37,520.74,523.12
15,BEL,Belgium,337.61,338.41,339.94,341.46,342.8,344.43,346.59,349.0,351.72,354.56,356.86,361.12,363.91,366.01,369.45
16,CAN,Canada,3.37,3.41,3.45,3.48,3.51,3.55,3.58,3.62,3.66,3.7,3.74,3.78,3.82,3.87,3.91
17,CAN01,Edmonton,47.46,48.51,49.45,50.41,51.39,52.39,53.41,54.76,56.15,57.58,59.05,60.56,61.93,63.34,64.77
18,CAN04,Calgary,78.17,80.25,82.37,84.55,86.79,89.09,91.46,93.96,96.53,99.18,101.91,104.73,107.6,110.56,113.61
19,CAN06,Winnipeg,33.89,34.2,34.4,34.61,34.82,35.03,35.24,35.67,36.11,36.55,37.01,37.47,37.81,38.16,38.52
20,CAN09,Vancouver,389.4,395.69,400.83,406.06,411.37,416.77,422.26,430.57,439.07,447.78,456.69,465.82,473.62,481.58,489.7
21,CAN16,Quebec,119.21,120.64,121.59,122.56,123.53,124.52,125.52,127.57,129.67,131.81,133.99,136.23,137.93,139.65,141.41
22,CAN20,Montreal,336.83,340.83,344.62,348.49,352.44,356.48,360.61,365.39,370.27,375.26,380.35,385.56,390.55,395.65,400.85
23,CAN21,Ottawa-Gatineau,69.57,70.61,71.37,72.15,72.94,73.74,74.55,75.96,77.4,78.87,80.37,81.9,83.13,84.39,85.66
24,CAN26,Toronto,371.86,378.17,384.73,391.57,398.69,406.12,413.88,421.41,429.16,437.13,445.34,453.79,462.86,472.27,482.02
25,CAN29,Hamilton,216.47,218.11,219.48,220.85,222.24,223.64,225.06,227.06,229.08,231.12,233.18,235.26,237.05,238.86,240.69
26,CH001,Zurich,947.78,955.06,962.44,969.94,977.54,985.26,993.1,1001.06,1009.12,1017.32,1025.64,1034.08,1042.66,1051.36,1060.2
27,CH002,Geneva,440.13,445.32,450.74,456.37,462.19,468.22,474.43,480.84,487.41,494.18,501.13,508.25,515.57,523.07,530.77
28,CH003,Basel,514.33,516.38,518.45,520.54,522.67,524.82,527.01,529.22,531.46,533.73,536.03,538.36,540.72,543.12,545.54
29,CHE,Switzerland,179.13,180.12,181.41,182.87,184.12,185.4,186.5,187.74,189.86,192.57,194.67,196.77,198.89,201.0,203.51
30,CHL,Chile,20.8,21.04,21.27,21.51,21.74,21.98,22.2,22.42,22.65,22.87,23.09,23.3,23.51,23.72,24.07
31,CL010,Valparaíso,631.82,640.13,648.57,657.14,665.84,674.67,683.63,692.74,701.98,711.36,720.88,730.55,740.37,750.34,760.47
32,CL011,Santiago,1279.8,1290.26,1301.1,1312.33,1323.96,1336.01,1348.49,1361.41,1374.78,1388.63,1402.98,1417.83,1433.21,1449.13,1465.62
33,CL020,Concepción,444.94,447.42,450.0,452.68,455.46,458.34,461.32,464.42,467.63,470.96,474.41,477.98,481.69,485.54,489.53
34,CZ001,Prague,424.45,428.1,431.84,435.68,439.62,443.66,447.81,452.09,456.5,461.03,465.72,470.57,475.59,480.81,486.22
35,CZ002,Brno,264.46,265.02,265.59,266.19,266.79,267.43,268.07,268.74,269.42,270.13,270.86,271.61,272.38,273.18,273.99
36,CZ003,Ostrava,615.12,614.12,613.13,612.16,611.21,610.26,609.33,608.41,607.51,606.62,605.74,604.88,604.03,603.19,602.37
37,CZE,Czech Republic,133.01,132.87,132.09,132.05,132.16,132.28,132.69,133.17,134.39,135.52,136.03,136.37,136.02,136.17,136.12
38,DE001,Berlin,701.21,701.74,702.31,702.92,703.57,704.25,704.98,705.75,706.55,707.4,708.3,709.23,710.22,711.24,712.32
39,DE002,Hamburg,508.7,509.6,510.51,511.43,512.36,513.31,514.26,515.23,516.21,517.2,518.21,519.22,520.25,521.3,522.35
40,DE003,Munich,410.21,414.35,418.54,422.79,427.1,431.47,435.9,440.38,444.93,449.54,454.21,458.94,463.75,468.61,473.55
41,DE004,Cologne,938.04,940.65,943.29,945.95,948.64,951.35,954.09,956.86,959.65,962.46,965.3,968.17,971.06,973.98,976.93
42,DE005,Frankfurt,638.48,639.33,640.2,641.07,641.96,642.87,643.78,644.71,645.65,646.6,647.57,648.55,649.54,650.54,651.56
43,DE006,Essen,2314.75,2302.62,2290.56,2278.56,2266.62,2254.75,2242.95,2231.21,2219.53,2207.91,2196.36,2184.86,2173.43,2162.07,2150.76
44,DE007,Stuttgart,970.54,971.76,973.0,974.25,975.52,976.81,978.11,979.43,980.76,982.1,983.47,984.85,986.25,987.67,989.1
45,DE008,Leipzig,405.7,404.44,403.22,402.03,400.88,399.77,398.69,397.65,396.65,395.67,394.73,393.83,392.95,392.11,391.3
46,DE009,Dresden,475.05,476.13,477.25,478.42,479.63,480.88,482.16,483.49,484.85,486.26,487.71,489.19,490.71,492.28,493.88
47,DE010,Dortmund,1592.62,1583.19,1573.86,1564.63,1555.48,1546.42,1537.45,1528.57,1519.77,1511.06,1502.43,1493.89,1485.43,1477.05,1468.74
48,DE011,Düsseldorf,1262.95,1262.61,1262.29,1261.99,1261.72,1261.47,1261.24,1261.04,1260.86,1260.7,1260.57,1260.46,1260.37,1260.31,1260.27
49,DE012,Bremen,321.84,321.93,322.03,322.12,322.22,322.32,322.43,322.54,322.65,322.76,322.88,323.0,323.13,323.26,323.39
50,DE013,Hanover,400.28,399.79,399.31,398.83,398.35,397.88,397.42,396.96,396.51,396.07,395.63,395.19,394.76,394.34,393.92
51,DE014,Nuremberg,372.11,372.25,372.4,372.55,372.71,372.87,373.03,373.2,373.37,373.54,373.72,373.91,374.1,374.29,374.49
52,DE015,Bochum,2217.2,2196.56,2176.12,2155.88,2135.84,2115.99,2096.35,2076.9,2057.64,2038.57,2019.68,2000.99,1982.47,1964.14,1945.99
53,DE027,Freiburg im Breisgau,334.07,335.44,336.83,338.22,339.61,341.02,342.44,343.87,345.31,346.76,348.22,349.69,351.17,352.66,354.16
54,DE033,Augsburg,320.87,321.9,322.95,324.0,325.06,326.13,327.2,328.29,329.39,330.5,331.61,332.74,333.87,335.02,336.17
55,DE034,Bonn,689.8,690.72,691.65,692.59,693.53,694.48,695.45,696.42,697.4,698.39,699.39,700.4,701.42,702.44,703.48
56,DE035,Karlsruhe,504.3,505.7,507.11,508.55,509.98,511.43,512.9,514.38,515.86,517.36,518.87,520.39,521.93,523.47,525.03
57,DE040,Saarbrücken,612.58,607.66,602.79,597.97,593.2,588.48,583.8,579.17,574.58,570.05,565.55,561.1,556.7,552.33,548.02
58,DE501,Duisburg,1273.57,1266.78,1260.02,1253.3,1246.62,1239.98,1233.39,1226.83,1220.3,1213.82,1207.38,1200.97,1194.61,1188.28,1181.98
59,DE502,Mannheim,651.12,649.59,648.08,646.58,645.1,643.62,642.16,640.72,639.29,637.87,636.46,635.07,633.7,632.33,630.98
60,DE504,Münster,299.6,301.48,303.37,305.3,307.24,309.2,311.19,313.2,315.22,317.28,319.35,321.45,323.57,325.71,327.88
61,DE507,Aachen,761.92,760.3,758.71,757.15,755.64,754.17,752.74,751.35,750.0,748.69,747.42,746.19,745.01,743.87,742.78
62,DEU,Germany,230.14,230.4,230.91,231.18,231.15,231.03,230.86,230.5,230.23,229.63,229.06,228.92,229.18,229.67,226.16
63,DK001,Copenhagen,467.08,469.01,470.96,472.93,474.92,476.93,478.96,481.0,483.07,485.16,487.27,489.4,491.55,493.72,495.92
64,DNK,Denmark,123.67,124.12,124.56,124.92,125.24,125.56,125.94,126.39,127.05,127.88,128.42,129.44,129.9,130.42,130.99
65,EE001,Tallinn,122.85,122.83,122.81,122.79,122.78,122.76,122.74,122.73,122.71,122.7,122.68,122.67,122.65,122.64,122.63
66,ES001,Madrid,471.88,479.6,487.6,495.89,504.5,513.44,522.73,532.41,542.49,553.02,564.02,575.54,587.6,600.26,613.57
67,ES002,Barcelona,2422.69,2448.04,2473.85,2500.13,2526.89,2554.14,2581.89,2610.18,2639.0,2668.38,2698.33,2728.87,2760.03,2791.81,2824.24
68,ES003,Valencia,925.29,937.81,950.62,963.73,977.14,990.88,1004.95,1019.36,1034.12,1049.26,1064.78,1080.69,1097.02,1113.77,1130.97
69,ES004,Seville,302.46,305.86,309.36,312.95,316.65,320.45,324.37,328.4,332.55,336.83,341.24,345.8,350.49,355.35,360.36
70,ES005,Zaragoza,61.07,61.79,62.52,63.28,64.06,64.88,65.72,66.59,67.51,68.46,69.45,70.5,71.6,72.76,73.99
71,ES006,Málaga,436.7,443.28,450.08,457.11,464.38,471.92,479.72,487.8,496.17,504.85,513.86,523.2,532.9,542.97,553.43
72,ES008,Las Palmas,763.08,769.84,776.67,783.57,790.55,797.61,804.74,811.95,819.24,826.61,834.06,841.59,849.21,856.91,864.69
73,ES019,Bilbao,845.4,847.84,850.38,853.0,855.71,858.51,861.42,864.42,867.53,870.74,874.06,877.5,881.05,884.72,888.52
74,ESP,Spain,80.66,81.05,81.78,83.36,84.8,86.29,87.71,89.26,91.02,92.15,92.65,93.01,93.31,93.13,92.7
75,EST,Estonia,32.26,32.07,31.85,31.66,31.46,31.29,31.1,30.92,30.82,30.75,30.7,30.61,30.51,30.4,30.3
76,FI001,Helsinki,213.6,215.09,216.6,218.13,219.67,221.22,222.79,224.37,225.97,227.59,229.21,230.86,232.52,234.2,235.89
77,FIN,Finland,16.98,17.01,17.06,17.1,17.14,17.2,17.28,17.35,17.44,17.53,17.61,17.69,17.77,17.86,17.94
78,FR001,Paris,903.63,909.57,915.6,921.71,927.92,934.21,940.61,947.1,953.7,960.41,967.23,974.17,981.23,988.42,995.74
79,FR003,Lyon,478.37,482.25,486.18,490.16,494.2,498.28,502.42,506.62,510.87,515.18,519.55,523.97,528.46,533.01,537.62
80,FR004,Toulouse,195.9,199.12,202.43,205.82,209.3,212.87,216.53,220.3,224.16,228.14,232.22,236.42,240.73,245.17,249.74
81,FR006,Strasbourg,353.47,355.37,357.3,359.24,361.21,363.21,365.24,367.29,369.36,371.47,373.6,375.75,377.94,380.15,382.39
82,FR007,Bordeaux,183.22,185.17,187.16,189.18,191.25,193.35,195.5,197.69,199.92,202.2,204.52,206.9,209.32,211.79,214.31
83,FR008,Nantes,249.06,251.57,254.15,256.77,259.45,262.19,264.98,267.84,270.75,273.73,276.77,279.89,283.07,286.32,289.64
84,FR009,Lille,906.47,908.52,910.6,912.72,914.87,917.05,919.27,921.52,923.81,926.13,928.49,930.89,933.33,935.8,938.31
85,FR010,Montpellier,247.95,251.31,254.72,258.2,261.74,265.33,268.99,272.72,276.52,280.38,284.31,288.32,292.4,296.56,300.79
86,FR011,Saint-Étienne,284.67,285.02,285.39,285.79,286.21,286.67,287.14,287.65,288.19,288.75,289.34,289.97,290.62,291.31,292.02
87,FR013,Rennes,153.25,155.28,157.36,159.5,161.69,163.93,166.24,168.61,171.04,173.53,176.09,178.73,181.43,184.21,187.06
88,FR026,Grenoble,229.62,230.67,231.74,232.82,233.93,235.05,236.19,237.36,238.54,239.75,240.97,242.22,243.49,244.79,246.11
89,FR032,Toulon,493.4,496.11,498.87,501.67,504.51,507.4,510.33,513.31,516.33,519.4,522.52,525.69,528.91,532.19,535.52
90,FR203,Marseille,379.41,382.02,384.67,387.34,390.06,392.8,395.58,398.4,401.25,404.14,407.07,410.04,413.05,416.1,419.19
91,FR205,Nice,258.38,259.73,261.11,262.51,263.93,265.37,266.83,268.32,269.83,271.36,272.91,274.49,276.1,277.72,279.37
92,FR215,Rouen,233.61,234.44,235.29,236.17,237.09,238.04,239.02,240.04,241.1,242.19,243.33,244.5,245.72,246.98,248.29
93,FRA,France,108.2,108.95,109.72,110.49,111.23,112.07,112.87,113.6,114.23,114.83,115.38,115.95,116.51,117.03,117.51
94,GBR,United Kingdom,242.4,243.29,244.28,245.36,246.56,248.16,249.97,251.84,253.89,255.84,257.77,259.88,261.83,264.34,265.18
95,GR001,Athens,2226.36,2216.95,2207.97,2199.42,2191.29,2183.6,2176.34,2169.52,2163.15,2157.23,2151.75,2146.74,2142.19,2138.12,2134.51
96,GR002,Thessalonica,677.35,676.59,676.14,676.01,676.19,676.7,677.53,678.7,680.21,682.06,684.27,686.84,689.77,693.08,696.77
97,GRC,Greece,83.42,83.63,83.91,84.2,84.46,84.79,85.04,85.4,85.72,86.08,86.42,86.45,85.03,84.56,83.35
98,HU001,Budapest,460.0,460.78,461.6,462.48,463.39,464.36,465.38,466.44,467.56,468.73,469.96,471.24,472.58,473.97,475.43
99,HUN,Hungary,109.87,109.65,109.37,109.02,108.75,108.54,108.32,108.2,107.98,107.83,107.65,107.34,106.76,106.51,106.18
100,IE001,Dublin,287.62,291.88,296.42,301.25,306.41,311.92,317.82,324.15,330.94,338.26,346.16,354.71,363.98,374.1,385.16
101,IRL,Ireland,55.23,56.04,57.02,57.96,58.91,60.12,61.53,63.46,65.18,66.11,66.52,66.83,67.0,67.13,67.34
102,IT001,Rome,651.06,655.97,660.98,666.08,671.29,676.6,682.02,687.55,693.2,698.96,704.85,710.86,717.0,723.28,729.69
103,IT002,Milan,1458.8,1466.1,1473.55,1481.16,1488.94,1496.9,1505.03,1513.34,1521.84,1530.53,1539.42,1548.5,1557.8,1567.3,1577.03
104,IT003,Naples,2258.37,2259.81,2261.38,2263.1,2264.96,2266.97,2269.12,2271.44,2273.92,2276.57,2279.38,2282.37,2285.54,2288.89,2292.44
105,IT004,Turin,947.04,950.23,953.45,956.73,960.06,963.43,966.86,970.33,973.85,977.44,981.07,984.76,988.5,992.3,996.16
106,IT005,Palermo,1114.43,1114.57,1114.79,1115.11,1115.53,1116.04,1116.64,1117.35,1118.16,1119.07,1120.09,1121.22,1122.46,1123.81,1125.28
107,IT006,Genova,663.74,661.63,659.53,657.44,655.36,653.29,651.23,649.19,647.15,645.13,643.11,641.11,639.12,637.14,635.17
108,IT007,Florence,403.34,404.56,405.79,407.03,408.29,409.56,410.84,412.14,413.45,414.78,416.12,417.48,418.85,420.23,421.63
109,IT008,Bari,747.28,749.02,750.78,752.55,754.34,756.15,757.97,759.81,761.67,763.55,765.45,767.36,769.3,771.25,773.22
110,IT009,Bologna,345.58,347.48,349.42,351.38,353.38,355.4,357.46,359.55,361.67,363.83,366.02,368.25,370.51,372.8,375.13
111,IT010,Catania,1002.86,1004.37,1006.01,1007.76,1009.62,1011.61,1013.71,1015.94,1018.3,1020.79,1023.4,1026.15,1029.04,1032.06,1035.22
112,IT011,Venice,491.23,491.75,492.3,492.87,493.46,494.09,494.74,495.41,496.11,496.84,497.6,498.38,499.19,500.03,500.9
113,ITA,Italy,192.89,193.02,193.1,193.59,194.83,196.11,196.75,197.29,198.75,199.92,200.57,201.16,201.26,202.25,205.96
114,JP003,Sapporo,962.92,968.52,974.19,979.94,985.76,991.66,994.13,996.65,999.2,1001.81,1004.45,1008.91,1013.43,1018.01,1022.65
115,JP013,Sendai,919.73,922.82,925.96,929.14,932.37,935.65,938.53,941.48,944.48,947.53,950.64,953.99,957.39,960.84,964.34
116,JP015,Niigata,681.79,681.8,681.81,681.83,681.85,681.88,680.61,679.35,678.1,676.86,675.63,675.04,674.46,673.89,673.33
117,JP020,Toyama,346.72,346.95,347.19,347.43,347.67,347.92,347.82,347.72,347.62,347.52,347.43,347.52,347.61,347.7,347.79
118,JP021,Nagano,445.3,444.68,444.06,443.45,442.85,442.25,440.51,438.78,437.06,435.36,433.66,432.54,431.43,430.32,429.23
119,JP023,Kanazawa,565.44,566.2,566.98,567.77,568.57,569.38,571.41,573.46,575.52,577.6,579.71,581.2,582.72,584.24,585.79
120,JP024,Utsunomiya,777.72,781.7,785.7,789.74,793.8,797.9,799.95,802.03,804.12,806.24,808.38,811.57,814.78,818.01,821.26
121,JP025,Maebashi,823.82,824.55,825.3,826.07,826.87,827.69,827.78,827.89,828.03,828.2,828.39,828.97,829.57,830.19,830.83
122,JP026,Mito,903.7,904.18,904.66,905.14,905.63,906.12,908.11,910.13,912.17,914.23,916.32,917.64,918.96,920.3,921.65
123,JP030,Tokyo,3816.86,3838.94,3861.39,3884.22,3907.42,3931.02,3958.07,3985.5,4013.3,4041.48,4070.06,4097.27,4124.86,4152.82,4181.17
124,JP031,Kofu,647.7,648.93,650.17,651.43,652.7,653.99,653.11,652.23,651.37,650.52,649.68,649.91,650.16,650.42,650.68
125,JP034,Nagoya,1568.57,1574.52,1580.54,1586.62,1592.76,1598.97,1603.92,1608.94,1614.02,1619.17,1624.38,1630.29,1636.27,1642.31,1648.41
126,JP036,Numazu,1099.99,1100.91,1101.85,1102.81,1103.81,1104.82,1103.44,1102.08,1100.75,1099.45,1098.17,1098.12,1098.09,1098.08,1098.1
127,JP038,Osaka,2436.4,2438.91,2441.56,2444.34,2447.25,2450.3,2452.55,2454.91,2457.37,2459.94,2462.63,2465.87,2469.23,2472.71,2476.32
128,JP039,Shizuoka,642.5,637.44,632.43,627.45,622.51,617.61,619.9,622.24,624.65,627.11,629.63,628.43,627.24,626.06,624.9
129,JP040,Anjo,2396.41,2426.05,2456.07,2486.49,2517.3,2548.52,2567.16,2585.95,2604.91,2624.04,2643.34,2669.49,2695.91,2722.62,2749.6
130,JP042,Yokkaichi,1257.44,1262.62,1267.83,1273.08,1278.38,1283.72,1290.24,1296.86,1303.58,1310.4,1317.33,1323.65,1330.04,1336.5,1343.02
131,JP046,Himeji,811.46,811.39,811.34,811.31,811.29,811.28,810.86,810.45,810.05,809.67,809.31,809.16,809.03,808.91,808.8
132,JP047,Toyohashi,778.7,781.52,784.36,787.23,790.11,793.01,793.61,794.22,794.84,795.46,796.1,797.91,799.73,801.56,803.41
133,JP048,Hamamatsu,666.02,669.08,672.15,675.23,678.33,681.44,680.68,679.92,679.17,678.41,677.65,678.83,680.01,681.18,682.37
134,JP050,Okayama,777.1,780.44,783.81,787.21,790.64,794.11,795.72,797.35,798.99,800.65,802.33,804.98,807.66,810.36,813.08
135,JP051,Kurashiki,1006.59,1022.95,1039.64,1056.67,1074.04,1080.21,1081.9,1083.6,1085.31,1087.03,1088.76,1097.47,1106.27,1115.16,1124.15
136,JP052,Fukuyama,797.59,796.9,796.22,795.55,794.9,794.26,793.25,792.27,791.3,790.36,789.44,788.72,788.0,787.3,786.62
137,JP053,Hiroshima,1144.09,1147.36,1150.66,1154.02,1157.43,1160.89,1163.74,1166.62,1169.56,1172.53,1175.54,1178.93,1182.37,1185.86,1189.39
138,JP054,Takamatsu,878.02,903.46,930.14,958.15,987.53,882.22,905.25,929.4,954.72,981.25,1009.06,1024.16,1039.66,1055.56,1071.88
139,JP055,Wakayama,1296.14,1290.46,1284.83,1279.26,1273.75,1268.29,1264.9,1261.55,1258.24,1254.97,1251.74,1247.54,1243.39,1239.29,1235.23
140,JP059,Tokushima,720.1,719.72,719.36,719.03,718.72,718.43,716.36,714.31,712.3,710.31,708.34,707.28,706.25,705.23,704.24
141,JP064,Kitakyushu,2146.08,2138.38,2130.74,2123.19,2115.7,2108.29,2101.29,2094.35,2087.48,2080.67,2073.93,2067.04,2060.21,2053.43,2046.71
142,JP065,Matsuyama,797.89,799.6,801.32,803.05,804.78,806.52,806.54,806.58,806.61,806.65,806.7,807.6,808.51,809.42,810.33
143,JP066,Fukuoka,2035.4,2050.83,2066.45,2082.26,2098.26,2114.45,2128.62,2142.99,2157.57,2172.34,2187.32,2203.54,2219.95,2236.57,2253.39
144,JP067,Kochi,510.63,510.55,510.47,510.4,510.34,510.29,508.06,505.85,503.66,501.49,499.34,498.26,497.19,496.14,495.09
145,JP071,Oita,576.36,577.61,578.87,580.14,581.42,582.71,584.66,586.62,588.61,590.61,592.63,594.32,596.04,597.76,599.5
146,JP074,Kumamoto,1155.55,1159.42,1163.33,1167.29,1171.3,1175.35,1179.36,1183.43,1187.57,1191.78,1196.05,1200.41,1204.83,1209.31,1213.85
147,JP075,Nagasaki,1411.53,1405.33,1399.2,1393.14,1387.14,1381.21,1375.6,1370.02,1364.48,1358.97,1353.49,1347.94,1342.44,1336.99,1331.58
148,JP077,Kagoshima,915.3,916.18,917.07,917.96,918.85,919.75,919.92,920.1,920.28,920.46,920.64,921.2,921.76,922.32,922.89
149,JP078,Naha,2566.7,2584.6,2602.62,2620.8,2639.12,2657.58,2672.8,2688.16,2703.68,2719.34,2735.16,2752.73,2770.43,2788.27,2806.25
150,JPN,Japan,339.8,340.78,341.16,341.66,341.84,342.06,342.06,342.06,341.84,341.37,342.82,342.13,341.39,340.79,340.22
151,KOR,Korea,472.63,476.14,478.8,481.19,483.0,483.99,486.34,488.61,492.14,494.49,496.78,500.49,502.75,504.92,506.97
152,KR004,Seoul Incheon,4320.1,4339.29,4363.79,4394.02,4430.46,4473.7,4524.43,4583.46,4651.78,4730.52,4821.06,4925.01,5044.31,5181.29,5338.72
153,KR015,Cheongju,1144.29,1151.64,1160.14,1169.86,1180.84,1193.16,1206.87,1222.07,1238.84,1257.27,1277.46,1299.52,1323.57,1349.75,1378.19
154,KR018,Daejeon,1427.2,1435.03,1444.16,1454.64,1466.54,1479.93,1494.91,1511.54,1529.95,1550.2,1572.43,1596.74,1623.28,1652.18,1683.57
155,KR022,Pohang,633.07,630.12,627.69,625.8,624.46,623.68,623.47,623.84,624.8,626.37,628.56,631.4,634.9,639.08,643.97
156,KR025,Daegu,2360.29,2351.45,2344.55,2339.67,2336.87,2336.26,2337.94,2342.03,2348.67,2358.02,2370.26,2385.6,2404.29,2426.59,2452.84
157,KR026,Jeonju,1324.2,1324.16,1325.33,1327.75,1331.48,1336.58,1343.14,1351.23,1360.93,1372.36,1385.62,1400.85,1418.17,1437.75,1459.75
158,KR029,Ulsan,1311.31,1314.26,1318.52,1324.12,1331.11,1339.53,1349.42,1360.86,1373.89,1388.6,1405.06,1423.36,1443.6,1465.89,1490.35
159,KR032,Busan,5081.01,5032.79,4987.91,4946.41,4908.33,4873.75,4842.73,4815.36,4791.75,4771.99,4756.24,4744.66,4737.4,4734.64,4736.62
160,KR033,Changwon,4977.86,4922.5,4869.21,4818.01,4768.85,4721.71,4676.53,4633.35,4592.13,4552.85,4515.49,4480.06,4446.54,4414.91,4385.2
161,KR035,Gwangju,2042.06,2043.62,2047.99,2055.29,2065.68,2079.36,2096.54,2117.44,2142.36,2171.58,2205.45,2244.35,2288.73,2339.07,2395.9
162,MEX,Mexico,49.76,50.33,50.91,51.5,52.1,52.71,53.6,54.51,55.43,56.37,57.34,59.04,59.74,60.43,61.1
163,MEX01,Mexicali,45.42,46.65,47.9,49.19,50.52,51.88,53.27,54.71,56.18,57.69,59.24,60.84,62.48,64.16,65.88
164,MEX02,Tijuana,878.75,909.95,942.25,975.71,1010.35,1046.22,1083.37,1121.83,1161.66,1202.91,1245.61,1289.84,1335.63,1383.06,1432.16
165,MEX05,Juárez,318.63,323.63,328.71,333.88,339.12,344.44,349.85,355.34,360.92,366.59,372.35,378.19,384.13,390.16,396.29
166,MEX08,Hermosillo,35.79,36.73,37.69,38.68,39.69,40.73,41.79,42.88,44.01,45.16,46.34,47.55,48.79,50.07,51.38
167,MEX10,Chihuahua,75.66,77.29,78.95,80.65,82.39,84.17,85.99,87.85,89.75,91.7,93.69,95.73,97.82,99.95,102.14
168,MEX16,Reynosa,110.54,114.31,118.21,122.26,126.46,130.82,135.34,140.02,144.89,149.93,155.16,160.59,166.22,172.06,178.12
169,MEX19,Monterrey,302.92,307.67,312.85,318.51,324.71,331.52,339.01,347.29,356.46,366.65,378.0,390.7,404.95,420.99,439.12
170,MEX20,Torreón,88.97,90.71,92.48,94.29,96.13,98.02,99.93,101.89,103.89,105.92,108.0,110.12,112.28,114.48,116.73
171,MEX21,Saltillo,102.79,105.26,107.79,110.38,113.04,115.76,118.54,121.39,124.31,127.3,130.36,133.5,136.71,140.0,143.37
172,MEX22,Culiacán,118.7,120.47,122.26,124.09,125.94,127.81,129.72,131.65,133.61,135.6,137.62,139.68,141.76,143.87,146.01
173,MEX24,Durango,52.92,53.88,54.86,55.86,56.88,57.92,58.97,60.05,61.14,62.26,63.39,64.55,65.72,66.92,68.14
174,MEX28,Tampico,311.18,315.58,320.15,324.92,329.89,335.06,340.45,346.07,351.93,358.05,364.43,371.09,378.05,385.31,392.91
175,MEX29,San Luis Potosí,184.92,188.58,192.34,196.19,200.13,204.18,208.33,212.59,216.96,221.45,226.05,230.77,235.62,240.6,245.72
176,MEX31,Aguascalientes,319.6,327.72,336.06,344.65,353.48,362.56,371.91,381.53,391.43,401.62,412.12,422.92,434.05,445.51,457.32
177,MEX33,Benito Juárez,197.9,207.4,217.36,227.81,238.75,250.21,262.23,274.83,288.03,301.86,316.36,331.56,347.49,364.18,381.67
178,MEX34,León,721.74,739.69,758.09,776.95,796.28,816.09,836.39,857.2,878.53,900.38,922.79,945.74,969.27,993.39,1018.1
179,MEX35,Mérida,87.86,89.41,91.0,92.63,94.3,96.01,97.78,99.58,101.44,103.35,105.32,107.34,109.42,111.57,113.78
180,MEX37,Guadalajara,1470.0,1491.69,1514.9,1539.76,1566.41,1595.02,1625.76,1658.84,1694.49,1732.97,1774.56,1819.59,1868.42,1921.45,1979.15
181,MEX38,Irapuato,515.38,525.61,536.05,546.7,557.56,568.64,579.93,591.45,603.2,615.18,627.4,639.87,652.58,665.54,678.76
182,MEX40,Querétaro,335.77,345.89,356.39,367.28,378.58,390.31,402.49,415.14,428.28,441.94,456.15,470.92,486.29,502.29,518.95
183,MEX42,Celaya,422.08,430.87,439.84,449.01,458.36,467.91,477.67,487.63,497.8,508.19,518.79,529.62,540.68,551.97,563.5
184,MEX46,Pachuca de Soto,251.43,257.89,264.79,272.18,280.12,288.65,297.84,307.77,318.51,330.15,342.79,356.54,371.52,387.87,405.74
185,MEX50,Morelia,355.91,363.0,370.3,377.81,385.54,393.5,401.71,410.17,418.9,427.91,437.22,446.84,456.79,467.09,477.74
186,MEX51,Mexico City,3364.12,3397.6,3432.51,3468.94,3506.97,3546.68,3588.19,3631.6,3677.03,3724.59,3774.43,3826.68,3881.5,3939.05,3999.52
187,MEX52,Xalapa,457.54,466.45,475.56,484.86,494.35,504.05,513.95,524.06,534.39,544.93,555.71,566.71,577.95,589.44,601.17
188,MEX55,Toluca,670.31,688.87,708.0,727.72,748.03,768.96,790.53,812.77,835.7,859.34,883.72,908.86,934.78,961.53,989.13
189,MEX59,Veracruz,616.63,627.66,638.96,650.54,662.42,674.6,687.08,699.89,713.03,726.52,740.36,754.57,769.15,784.13,799.52
190,MEX60,Puebla,1275.52,1303.05,1331.35,1360.45,1390.38,1421.18,1452.87,1485.51,1519.11,1553.73,1589.4,1626.17,1664.1,1703.21,1743.58
191,MEX61,Cuernavaca,764.7,779.07,793.79,808.85,824.28,840.08,856.26,872.84,889.82,907.22,925.05,943.32,962.05,981.25,1000.94
192,MEX70,Centro,216.85,221.84,226.96,232.2,237.57,243.07,248.71,254.49,260.41,266.48,272.69,279.06,285.59,292.28,299.14
193,MEX73,Oaxaca de Juárez,345.95,352.73,359.79,367.15,374.83,382.83,391.18,399.9,409.0,418.51,428.45,438.84,449.71,461.07,472.97
194,MEX74,Acapulco de Juárez,405.76,410.55,415.39,420.3,425.26,430.28,435.36,440.5,445.7,450.96,456.29,461.67,467.12,472.64,478.22
195,MEX75,Tuxtla Gutiérrez,257.5,264.77,272.26,279.97,287.9,296.06,304.46,313.11,322.02,331.18,340.62,350.33,360.33,370.62,381.22
196,NL001,The Hague,2685.92,2708.82,2732.22,2756.12,2780.54,2805.48,2830.94,2856.95,2883.5,2910.61,2938.29,2966.54,2995.38,3024.82,3054.86
197,NL002,Amsterdam,764.71,771.45,778.3,785.26,792.34,799.53,806.83,814.25,821.8,829.47,837.27,845.19,853.26,861.45,869.79
198,NL003,Rotterdam,971.52,974.17,976.92,979.78,982.76,985.85,989.07,992.41,995.89,999.5,1003.26,1007.18,1011.24,1015.46,1019.85
199,NL004,Utrecht,1020.24,1032.05,1044.12,1056.46,1069.08,1081.97,1095.16,1108.64,1122.42,1136.52,1150.93,1165.66,1180.73,1196.14,1211.9
200,NL005,Eindhoven,552.17,554.3,556.45,558.62,560.81,563.02,565.24,567.49,569.75,572.03,574.33,576.66,579.0,581.36,583.74
201,NLD,The Netherlands,468.33,471.97,475.46,479.31,481.24,482.65,483.5,484.59,486.0,488.38,491.02,493.41,496.18,497.64,499.12
202,NO001,Oslo,149.03,151.22,153.45,155.71,158.0,160.34,162.71,165.12,167.57,170.06,172.58,175.15,177.76,180.42,183.11
203,NOR,Norway,14.62,14.71,14.77,14.86,15.04,15.14,15.25,15.38,15.51,15.71,15.9,16.11,16.39,16.6,16.79
204,PL001,Warsaw,332.03,333.31,334.62,335.96,337.32,338.72,340.15,341.61,343.1,344.62,346.18,347.77,349.4,351.06,352.76
205,PL002,Lódz,591.0,588.22,585.48,582.76,580.08,577.42,574.79,572.18,569.61,567.06,564.54,562.05,559.59,557.16,554.75
206,PL003,Kraków,354.01,354.63,355.25,355.88,356.52,357.17,357.83,358.51,359.19,359.88,360.58,361.29,362.01,362.75,363.49
207,PL004,Wroclaw,312.34,312.65,312.98,313.32,313.68,314.04,314.43,314.82,315.23,315.65,316.09,316.54,317.01,317.5,318.0
208,PL005,Poznan,293.96,294.7,295.48,296.31,297.19,298.11,299.09,300.12,301.2,302.34,303.54,304.79,306.11,307.49,308.93
209,PL006,Gdansk,407.16,408.03,408.93,409.86,410.83,411.84,412.88,413.96,415.07,416.23,417.42,418.66,419.94,421.26,422.63
210,PL009,Lublin,208.65,208.58,208.51,208.45,208.4,208.36,208.33,208.3,208.29,208.28,208.28,208.29,208.31,208.34,208.38
211,PL010,Katowice,696.35,693.68,691.02,688.39,685.77,683.16,680.58,678.01,675.46,672.92,670.4,667.9,665.42,662.95,660.49
212,POL,Poland,122.37,122.34,122.3,122.23,122.14,122.09,122.03,121.93,121.9,121.96,122.07,123.22,123.25,123.24,121.59
213,PRT,Portugal,111.25,112.4,113.05,113.59,113.84,113.93,114.11,114.34,114.6,114.7,114.66,114.66,114.33,113.73,113.08
214,PT001,Lisbon,661.46,664.56,667.85,671.33,675.01,678.89,682.96,687.26,691.76,696.49,701.45,706.65,712.1,717.8,723.78
215,PT002,Porto,1341.2,1343.08,1345.11,1347.28,1349.59,1352.05,1354.64,1357.39,1360.29,1363.32,1366.51,1369.84,1373.32,1376.96,1380.74
216,SE001,Stockholm,258.68,260.39,262.13,263.87,265.63,267.4,269.19,270.99,272.8,274.63,276.47,278.32,280.2,282.08,283.98
217,SE002,Gothenburg,214.57,215.85,217.15,218.45,219.76,221.08,222.41,223.75,225.1,226.45,227.82,229.19,230.58,231.97,233.38
218,SE003,Malmö,175.7,177.02,178.35,179.69,181.04,182.4,183.77,185.16,186.55,187.95,189.37,190.79,192.23,193.68,195.14
219,SI001,Ljubljana,166.54,167.85,169.17,170.51,171.86,173.23,174.62,176.02,177.43,178.87,180.32,181.78,183.26,184.76,186.28
220,SK001,Bratislava,264.31,265.26,266.23,267.24,268.26,269.33,270.42,271.54,272.7,273.88,275.11,276.37,277.66,279.0,280.37
221,SVK,Slovak Republic,110.1,109.69,109.7,109.7,109.72,109.82,109.91,110.0,110.15,110.37,110.63,110.84,110.21,110.34,110.45
222,SVN,Slovenia,98.69,98.81,99.0,99.05,99.12,99.18,99.47,99.82,99.82,100.92,101.65,101.81,102.07,102.24,102.35
223,SWE,Sweden,21.6,21.65,21.71,21.79,21.87,21.96,22.05,22.21,22.38,22.56,22.76,22.95,23.28,23.46,23.68
224,UK001,London,1515.88,1532.96,1550.39,1568.19,1586.36,1604.92,1623.89,1643.27,1663.08,1683.34,1704.05,1725.24,1746.93,1769.13,1791.85
225,UK002,Birmingham (UK),1198.27,1206.42,1214.91,1223.73,1232.91,1242.43,1252.32,1262.59,1273.25,1284.29,1295.75,1307.62,1319.92,1332.66,1345.87
226,UK003,Leeds,647.43,649.14,651.09,653.3,655.75,658.46,661.41,664.6,668.05,671.75,675.71,679.9,684.36,689.07,694.05
227,UK004,Bradford,1101.01,1107.47,1115.01,1123.64,1133.4,1144.32,1156.43,1169.77,1184.38,1200.32,1217.62,1236.34,1256.55,1278.32,1301.7
228,UK005,Liverpool,1651.32,1647.59,1645.02,1643.64,1643.45,1644.49,1646.77,1650.31,1655.14,1661.33,1668.91,1677.92,1688.41,1700.46,1714.12
229,UK006,Manchester,1180.8,1187.64,1195.18,1203.43,1212.42,1222.16,1232.68,1244.01,1256.18,1269.24,1283.18,1298.08,1313.95,1330.85,1348.81
230,UK007,Cardiff,807.32,812.34,817.61,823.14,828.93,835.0,841.31,847.91,854.79,861.95,869.4,877.15,885.2,893.58,902.28
231,UK008,Sheffield,754.42,755.37,756.92,759.1,761.92,765.39,769.52,774.34,779.86,786.1,793.09,800.85,809.41,818.79,829.03
232,UK009,Bristol,890.7,898.46,906.56,915.01,923.82,933.01,942.61,952.61,963.06,973.96,985.35,997.25,1009.7,1022.7,1036.31
233,UK010,Newcastle,352.25,352.73,353.39,354.24,355.28,356.5,357.93,359.55,361.38,363.41,365.66,368.12,370.8,373.71,376.85
234,UK011,Leicester,540.79,546.22,551.77,557.45,563.26,569.21,575.3,581.54,587.92,594.47,601.18,608.05,615.1,622.33,629.75
235,UK017,Portsmouth,1261.52,1269.16,1276.99,1285.01,1293.22,1301.6,1310.2,1319.0,1328.01,1337.23,1346.69,1356.38,1366.32,1376.52,1386.97
236,UK023,Nottingham,700.12,704.67,709.36,714.21,719.19,724.32,729.6,735.04,740.64,746.4,752.31,758.41,764.69,771.15,777.79
237,UK097,Glasgow,1084.26,1084.56,1085.31,1086.5,1088.12,1090.19,1092.7,1095.7,1099.15,1103.07,1107.46,1112.35,1117.72,1123.61,1130.0
238,UK098,Edinburgh,526.53,529.06,531.93,535.16,538.76,542.73,547.09,551.85,557.01,562.61,568.64,575.12,582.06,589.49,597.42
239,US003,Seattle,209.71,212.25,214.83,217.45,220.09,222.77,225.48,228.23,231.01,233.83,236.68,239.57,242.5,245.46,248.47
240,US012,Portland,109.18,110.76,112.35,113.98,115.62,117.3,119.0,120.72,122.48,124.26,126.07,127.91,129.77,131.67,133.6
241,US014,Minneapolis,144.17,145.53,146.93,148.36,149.81,151.3,152.82,154.37,155.96,157.58,159.24,160.93,162.66,164.43,166.23
242,US033,Milwaukee,388.22,389.59,390.98,392.38,393.79,395.22,396.65,398.09,399.55,401.01,402.49,403.97,405.47,406.98,408.51
243,US035,Madison,90.92,92.1,93.3,94.51,95.73,96.97,98.23,99.51,100.8,102.11,103.44,104.78,106.14,107.52,108.92
244,US038,Buffalo,284.59,283.74,282.89,282.04,281.2,280.35,279.51,278.67,277.84,277.01,276.18,275.35,274.53,273.7,272.88
245,US039,Grand Rapids,254.25,255.47,256.7,257.94,259.18,260.43,261.69,262.95,264.22,265.49,266.77,268.05,269.35,270.64,271.95
246,US044,Albany,110.79,111.37,111.96,112.55,113.15,113.75,114.35,114.96,115.57,116.18,116.8,117.42,118.05,118.68,119.32
247,US045,Detroit,771.0,767.29,763.64,760.06,756.54,753.09,749.7,746.37,743.11,739.91,736.76,733.68,730.66,727.7,724.8
248,US048,Boston,730.64,732.89,735.15,737.41,739.68,741.96,744.24,746.54,748.84,751.15,753.46,755.78,758.12,760.45,762.8
249,US055,Chicago,481.13,482.69,484.33,486.05,487.83,489.7,491.64,493.68,495.8,498.01,500.31,502.71,505.22,507.84,510.56
250,US060,Providence,504.07,504.27,504.47,504.67,504.87,505.08,505.28,505.48,505.68,505.89,506.09,506.29,506.5,506.7,506.91
251,US065,Toledo (US),500.75,499.28,497.8,496.34,494.87,493.42,491.96,490.51,489.06,487.62,486.18,484.75,483.32,481.9,480.48
252,US069,Cleveland,905.8,899.34,892.93,886.57,880.27,874.03,867.84,861.7,855.62,849.59,843.61,837.69,831.82,825.99,820.22
253,US070,Des Moines,56.92,57.81,58.73,59.66,60.61,61.59,62.59,63.62,64.67,65.74,66.84,67.97,69.13,70.32,71.54
254,US077,Omaha,67.22,68.02,68.83,69.66,70.5,71.35,72.22,73.1,73.99,74.9,75.83,76.77,77.73,78.7,79.69
255,US081,Akron,499.04,498.94,498.83,498.73,498.63,498.52,498.42,498.32,498.22,498.11,498.01,497.91,497.8,497.7,497.6
256,US084,New York,1630.9,1635.09,1639.3,1643.53,1647.78,1652.05,1656.33,1660.64,1664.97,1669.31,1673.68,1678.07,1682.47,1686.9,1691.35
257,US089,Salt Lake City,35.0,35.52,36.05,36.59,37.13,37.69,38.25,38.83,39.41,40.01,40.61,41.22,41.85,42.48,43.13
258,US097,Pittsburgh,664.47,661.39,658.32,655.27,652.22,649.2,646.19,643.19,640.2,637.23,634.28,631.33,628.4,625.49,622.59
259,US103,Harrisburg,99.79,100.56,101.33,102.1,102.88,103.67,104.47,105.27,106.08,106.89,107.71,108.54,109.38,110.22,111.07
260,US106,Philadelphia,907.13,909.39,911.66,913.93,916.22,918.52,920.83,923.16,925.49,927.83,930.19,932.55,934.93,937.32,939.72
261,US107,Columbus,142.79,144.57,146.39,148.24,150.13,152.06,154.04,156.05,158.11,160.22,162.37,164.58,166.83,169.14,171.5
262,US114,Denver,100.0,101.5,103.05,104.63,106.26,107.94,109.66,111.44,113.26,115.13,117.06,119.05,121.09,123.2,125.37
263,US115,Indianapolis,206.45,209.35,212.32,215.38,218.52,221.75,225.08,228.49,232.01,235.62,239.34,243.17,247.12,251.18,255.36
264,US117,Dayton,309.98,309.49,309.0,308.53,308.07,307.61,307.17,306.74,306.31,305.9,305.5,305.1,304.72,304.35,303.98
265,US122,Baltimore,501.83,503.97,506.15,508.37,510.62,512.91,515.23,517.59,519.98,522.42,524.89,527.4,529.94,532.53,535.16
266,US124,Cincinnati,184.38,185.34,186.34,187.36,188.42,189.51,190.63,191.79,192.98,194.21,195.47,196.77,198.11,199.49,200.91
267,US125,Washington,291.31,295.58,299.96,304.45,309.06,313.79,318.64,323.62,328.74,334.01,339.42,344.98,350.71,356.6,362.67
268,US128,Kansas City,94.85,95.81,96.79,97.79,98.8,99.82,100.87,101.93,103.01,104.11,105.23,106.36,107.52,108.69,109.89
269,US133,Colorado Springs,77.19,78.62,80.07,81.55,83.06,84.6,86.16,87.76,89.38,91.03,92.72,94.44,96.18,97.96,99.78
270,US134,Saint Louis (US),189.03,189.71,190.41,191.14,191.88,192.66,193.45,194.27,195.12,195.99,196.89,197.82,198.77,199.75,200.76
271,US135,Sacramento/Roseville,130.68,133.02,135.4,137.83,140.31,142.84,145.42,148.06,150.75,153.5,156.3,159.17,162.09,165.08,168.13
272,US141,Louisville,118.89,120.03,121.19,122.36,123.55,124.75,125.97,127.21,128.47,129.75,131.05,132.36,133.69,135.05,136.42
273,US146,San Francisco,380.91,382.83,384.77,386.72,388.68,390.65,392.64,394.64,396.65,398.67,400.71,402.76,404.82,406.89,408.98
274,US147,Wichita,57.09,57.6,58.11,58.63,59.15,59.68,60.21,60.75,61.29,61.85,62.4,62.96,63.53,64.1,64.68
275,US149,Richmond,578.66,584.68,590.79,596.99,603.27,609.64,616.1,622.65,629.3,636.04,642.88,649.82,656.85,663.99,671.23
276,US154,Norfolk-Portsmouth-Chesapeake-Virginia beach,334.89,336.72,338.58,340.47,342.39,344.33,346.31,348.32,350.36,352.44,354.54,356.68,358.86,361.07,363.32
277,US155,Fresno,43.59,44.29,45.0,45.72,46.46,47.2,47.96,48.73,49.51,50.31,51.12,51.94,52.77,53.62,54.48
278,US159,Las Vegas,20.71,21.45,22.21,23.0,23.81,24.65,25.53,26.43,27.37,28.34,29.35,30.39,31.46,32.58,33.74
279,US160,Nashville,115.38,117.27,119.2,121.18,123.2,125.26,127.37,129.53,131.74,133.99,136.3,138.67,141.09,143.56,146.09
280,US161,Tulsa,47.71,48.12,48.53,48.94,49.36,49.78,50.21,50.65,51.09,51.53,51.99,52.45,52.91,53.38,53.86
281,US170,Raleigh,143.29,148.38,153.66,159.12,164.78,170.64,176.71,183.0,189.52,196.26,203.25,210.49,217.99,225.76,233.81
282,US174,Oklahoma city,75.77,76.78,77.81,78.85,79.91,80.99,82.09,83.2,84.34,85.5,86.67,87.87,89.08,90.32,91.58
283,US178,Charlotte,236.57,244.03,251.73,259.69,267.92,276.42,285.2,294.28,303.67,313.37,323.39,333.76,344.48,355.56,367.02
284,US180,Albuquerque,30.3,30.89,31.49,32.11,32.74,33.39,34.05,34.72,35.41,36.12,36.84,37.58,38.34,39.11,39.9
285,US181,Memphis,91.67,92.43,93.2,93.99,94.79,95.62,96.47,97.35,98.24,99.16,100.11,101.08,102.07,103.1,104.15
286,US186,Little Rock,75.03,76.05,77.09,78.16,79.25,80.36,81.49,82.65,83.84,85.05,86.29,87.55,88.84,90.16,91.51
287,US190,Los Angeles,186.66,188.22,189.81,191.43,193.09,194.78,196.51,198.27,200.07,201.91,203.79,205.71,207.68,209.69,211.74
288,US195,Columbia,135.47,138.02,140.63,143.28,145.98,148.73,151.53,154.39,157.3,160.26,163.28,166.36,169.5,172.69,175.95
289,US196,Atlanta,367.52,374.43,381.54,388.86,396.4,404.18,412.19,420.45,428.97,437.76,446.83,456.19,465.85,475.83,486.13
290,US202,Phoenix,128.6,131.42,134.31,137.26,140.27,143.35,146.49,149.71,152.99,156.35,159.78,163.29,166.88,170.54,174.28
291,US205,Birmingham (US),127.96,128.66,129.39,130.14,130.92,131.72,132.54,133.39,134.27,135.17,136.1,137.06,138.05,139.07,140.12
292,US209,Dallas,279.2,284.62,290.24,296.07,302.11,308.38,314.89,321.64,328.65,335.93,343.49,351.34,359.5,367.99,376.81
293,US210,San Diego,255.14,257.58,260.05,262.54,265.06,267.6,270.16,272.75,275.36,278.0,280.66,283.35,286.07,288.81,291.57
294,US212,Fort Worth,327.82,335.33,343.01,350.87,358.91,367.14,375.55,384.16,392.97,401.98,411.19,420.62,430.27,440.13,450.23
295,US213,Charleston,74.59,76.0,77.44,78.92,80.44,81.98,83.57,85.19,86.85,88.55,90.29,92.06,93.89,95.75,97.66
296,US223,Tucson,35.45,35.99,36.53,37.08,37.64,38.21,38.79,39.38,39.97,40.57,41.19,41.81,42.44,43.08,43.73
297,US227,El Paso,47.21,47.98,48.77,49.58,50.39,51.22,52.07,52.92,53.79,54.68,55.58,56.5,57.43,58.37,59.33
298,US233,Baton Rouge,90.23,91.14,92.07,93.02,93.99,94.98,95.99,97.03,98.09,99.17,100.27,101.41,102.56,103.75,104.96
299,US234,Austin,112.75,116.3,119.97,123.79,127.74,131.85,136.11,140.53,145.12,149.89,154.84,159.98,165.33,170.88,176.65
300,US237,Jacksonville,126.56,128.79,131.08,133.42,135.83,138.3,140.84,143.44,146.11,148.86,151.68,154.57,157.54,160.6,163.74
301,US241,New Orleans,106.93,105.45,104.04,102.7,101.43,100.23,99.09,98.01,96.98,96.02,95.11,94.25,93.44,92.68,91.98
302,US242,Houston,208.69,213.49,218.42,223.49,228.7,234.06,239.57,245.24,251.08,257.09,263.27,269.63,276.19,282.94,289.9
303,US245,San Antonio,89.49,91.51,93.58,95.7,97.87,100.09,102.36,104.69,107.07,109.52,112.02,114.58,117.2,119.89,122.64
304,US250,Orlando,158.28,162.4,166.65,171.02,175.51,180.14,184.91,189.81,194.87,200.07,205.42,210.94,216.62,222.47,228.5
305,US251,Clearwater/Saint Petersburg,443.7,447.18,450.78,454.49,458.32,462.28,466.35,470.56,474.9,479.37,483.99,488.75,493.66,498.73,503.95
306,US252,Tampa,354.33,361.76,369.34,377.08,384.98,393.05,401.29,409.7,418.29,427.06,436.01,445.15,454.48,464.01,473.73
307,US259,Miami,353.16,356.89,360.66,364.48,368.34,372.24,376.19,380.19,384.22,388.31,392.44,396.62,400.85,405.13,409.46
308,US261,Mcallen,138.83,143.17,147.64,152.26,157.02,161.93,166.99,172.21,177.6,183.15,188.88,194.78,200.87,207.15,213.63
309,USA,United States,30.8,31.1,31.39,31.66,31.96,32.25,32.57,32.88,33.19,33.48,33.76,34.02,34.28,34.54,34.8
