,METRO_ID,Metropolitan areas,VAR,2000,2001,2002,2003,2004,2005,2006,2007,2008,2009,2010,2011,2012,2013,2014
0,AT001,Vienna,GREEN_AREA_PC,255.17,252.68,250.22,247.77,245.34,242.92,240.53,238.15,235.79,233.44,231.12,228.81,226.52,224.24,221.99
1,AT001,Vienna,POP_DENS,267.27,269.9,272.56,275.26,277.99,280.75,283.54,286.38,289.24,292.15,295.09,298.07,301.08,304.14,307.23
2,AT002,Graz,GREEN_AREA_PC,997.39,988.23,979.1,969.96,960.85,951.75,942.72,933.67,924.67,915.69,906.73,897.83,888.95,880.11,871.29
3,AT002,Graz,POP_DENS,179.92,181.59,183.28,185.01,186.76,188.55,190.36,192.2,194.07,195.97,197.91,199.87,201.87,203.9,205.96
4,AT003,Linz,GREEN_AREA_PC,1791.92,1784.87,1777.8,1770.71,1763.59,1756.49,1749.38,1742.23,1735.1,1727.91,1720.77,1713.59,1706.4,1699.2,1691.99
5,AT003,Linz,POP_DENS,165.29,165.94,166.6,167.27,167.94,168.62,169.31,170.0,170.7,171.41,172.12,172.84,173.57,174.31,175.05
6,AUS,Australia,POP_DENS,2.47,2.5,2.53,2.56,2.59,2.62,2.65,2.7,2.76,2.82,2.86,2.9,2.95,3.0,3.05
7,AUS01,Sydney,GREEN_AREA_PC,55.38,54.83,54.4,54.04,53.76,53.34,52.86,52.01,51.02,50.08,49.38,48.81,48.11,47.3,46.47
8,AUS01,Sydney,POP_DENS,332.15,335.48,338.18,340.38,342.2,344.88,348.04,353.71,360.58,367.35,372.51,376.88,382.38,388.94,395.83
9,AUS02,Melbourne,GREEN_AREA_PC,44.0,43.48,42.92,42.35,41.79,41.16,40.47,39.61,38.71,37.75,37.07,36.5,35.79,35.03,34.27
10,AUS02,Melbourne,POP_DENS,342.35,346.45,350.93,355.73,360.47,365.96,372.23,380.25,389.13,399.06,406.39,412.67,420.9,430.03,439.49
11,AUS03,Brisbane,GREEN_AREA_PC,697.75,683.82,667.2,650.37,635.09,620.55,606.88,591.19,575.53,559.87,549.28,539.28,528.0,517.91,509.14
12,AUS03,Brisbane,POP_DENS,107.48,109.67,112.4,115.31,118.09,120.85,123.58,126.86,130.31,133.95,136.53,139.07,142.04,144.8,147.3
13,AUS04,Perth,GREEN_AREA_PC,54.6,53.69,52.99,52.23,51.4,50.58,49.55,47.98,46.43,44.93,43.87,42.62,41.02,39.61,38.66
14,AUS04,Perth,POP_DENS,226.8,230.66,233.7,237.11,240.94,244.87,249.93,258.1,266.72,275.67,282.29,290.6,301.9,312.68,320.34
15,AUS05,Adelaide,GREEN_AREA_PC,32.61,32.35,32.16,31.96,31.78,31.55,31.23,30.84,30.45,30.02,29.64,29.38,29.05,28.76,28.47
16,AUS05,Adelaide,POP_DENS,351.6,354.42,356.57,358.82,360.76,363.48,367.15,371.77,376.5,382.01,386.87,390.26,394.74,398.68,402.78
17,AUS06,Gold Coast-Tweed Heads,GREEN_AREA_PC,285.41,278.39,267.88,257.32,249.15,241.95,234.82,226.38,219.61,213.34,209.03,205.42,200.95,197.09,193.87
18,AUS06,Gold Coast-Tweed Heads,POP_DENS,210.14,215.44,223.89,233.07,240.72,247.88,255.41,264.93,273.1,281.12,286.92,291.96,298.46,304.31,309.35
19,AUT,Austria,POP_DENS,97.04,97.27,97.79,98.24,98.76,99.47,100.11,100.46,100.78,101.11,101.33,101.62,102.03,102.56,103.23
20,BE001,Brussels,GREEN_AREA_PC,327.98,324.8,321.64,318.5,315.38,312.28,309.2,306.15,303.11,300.09,297.1,294.12,291.17,288.23,285.32
21,BE001,Brussels,POP_DENS,689.41,696.17,703.01,709.94,716.96,724.08,731.28,738.59,745.99,753.49,761.09,768.79,776.59,784.5,792.51
22,BE002,Antwerp,GREEN_AREA_PC,335.61,333.46,331.33,329.2,327.08,324.97,322.86,320.77,318.68,316.61,314.53,312.47,310.42,308.38,306.34
23,BE002,Antwerp,POP_DENS,844.6,850.03,855.51,861.05,866.63,872.26,877.94,883.68,889.46,895.3,901.19,907.13,913.13,919.18,925.29
24,BE003,Ghent,GREEN_AREA_PC,795.6,790.37,785.17,779.98,774.83,769.7,764.59,759.52,754.47,749.45,744.44,739.47,734.53,729.61,724.71
25,BE003,Ghent,POP_DENS,530.14,533.65,537.19,540.76,544.35,547.98,551.64,555.33,559.04,562.79,566.57,570.38,574.22,578.09,582.0
26,BE005,Liege,GREEN_AREA_PC,514.58,512.3,510.03,507.76,505.49,503.23,500.98,498.72,496.48,494.24,492.0,489.77,487.55,485.33,483.11
27,BE005,Liege,POP_DENS,491.13,493.32,495.52,497.73,499.97,502.21,504.47,506.75,509.04,511.35,513.67,516.01,518.37,520.74,523.12
28,BEL,Belgium,POP_DENS,337.61,338.41,339.94,341.46,342.8,344.43,346.59,349.0,351.72,354.56,356.86,361.12,363.91,366.01,369.45
29,CAN,Canada,POP_DENS,3.37,3.41,3.45,3.48,3.51,3.55,3.58,3.62,3.66,3.7,3.74,3.78,3.82,3.87,3.91
30,CAN01,Edmonton,GREEN_AREA_PC,6660.62,6515.75,6391.95,6270.37,6150.94,6033.67,5918.52,5772.26,5629.3,5489.56,5352.97,5219.49,5103.99,4990.86,4880.08
31,CAN01,Edmonton,POP_DENS,47.46,48.51,49.45,50.41,51.39,52.39,53.41,54.76,56.15,57.58,59.05,60.56,61.93,63.34,64.77
32,CAN04,Calgary,GREEN_AREA_PC,1530.55,1490.89,1452.53,1415.1,1378.56,1342.89,1308.08,1273.36,1239.44,1206.31,1173.95,1142.34,1111.87,1082.14,1053.11
33,CAN04,Calgary,POP_DENS,78.17,80.25,82.37,84.55,86.79,89.09,91.46,93.96,96.53,99.18,101.91,104.73,107.6,110.56,113.61
34,CAN06,Winnipeg,GREEN_AREA_PC,5082.78,5037.09,5007.42,4977.79,4948.21,4918.66,4889.14,4829.9,4771.18,4713.02,4655.38,4598.28,4556.14,4514.29,4472.74
35,CAN06,Winnipeg,POP_DENS,33.89,34.2,34.4,34.61,34.82,35.03,35.24,35.67,36.11,36.55,37.01,37.47,37.81,38.16,38.52
36,CAN09,Vancouver,GREEN_AREA_PC,124.0,122.03,120.46,118.91,117.38,115.86,114.35,112.14,109.97,107.83,105.73,103.66,101.95,100.26,98.6
37,CAN09,Vancouver,POP_DENS,389.4,395.69,400.83,406.06,411.37,416.77,422.26,430.57,439.07,447.78,456.69,465.82,473.62,481.58,489.7
38,CAN16,Quebec,GREEN_AREA_PC,1886.12,1863.74,1849.13,1834.58,1820.09,1805.66,1791.28,1762.47,1733.98,1705.81,1677.97,1650.44,1630.11,1609.97,1590.0
39,CAN16,Quebec,POP_DENS,119.21,120.64,121.59,122.56,123.53,124.52,125.52,127.57,129.67,131.81,133.99,136.23,137.93,139.65,141.41
40,CAN20,Montreal,GREEN_AREA_PC,847.75,837.79,828.58,819.39,810.2,801.01,791.84,781.48,771.17,760.93,750.74,740.61,731.14,721.72,712.34
41,CAN20,Montreal,POP_DENS,336.83,340.83,344.62,348.49,352.44,356.48,360.61,365.39,370.27,375.26,380.35,385.56,390.55,395.65,400.85
42,CAN21,Ottawa-Gatineau,GREEN_AREA_PC,4746.3,4676.91,4626.72,4576.86,4527.34,4478.14,4429.28,4347.05,4266.22,4186.77,4108.65,4031.9,3972.05,3912.99,3854.73
43,CAN21,Ottawa-Gatineau,POP_DENS,69.57,70.61,71.37,72.15,72.94,73.74,74.55,75.96,77.4,78.87,80.37,81.9,83.13,84.39,85.66
44,CAN26,Toronto,GREEN_AREA_PC,1682.27,1654.19,1625.97,1597.58,1569.03,1540.32,1511.47,1484.44,1457.64,1431.05,1404.68,1378.52,1351.5,1324.59,1297.8
45,CAN26,Toronto,POP_DENS,371.86,378.17,384.73,391.57,398.69,406.12,413.88,421.41,429.16,437.13,445.34,453.79,462.86,472.27,482.02
46,CAN29,Hamilton,GREEN_AREA_PC,3093.74,3070.52,3051.41,3032.37,3013.43,2994.55,2975.75,2949.49,2923.47,2897.66,2872.08,2846.72,2825.17,2803.75,2782.48
47,CAN29,Hamilton,POP_DENS,216.47,218.11,219.48,220.85,222.24,223.64,225.06,227.06,229.08,231.12,233.18,235.26,237.05,238.86,240.69
48,CH001,Zurich,GREEN_AREA_PC,300.4,298.11,295.82,293.54,291.25,288.97,286.69,284.41,282.14,279.87,277.6,275.33,273.06,270.8,268.55
49,CH001,Zurich,POP_DENS,947.78,955.06,962.44,969.94,977.54,985.26,993.1,1001.06,1009.12,1017.32,1025.64,1034.08,1042.66,1051.36,1060.2
50,CH002,Geneva,GREEN_AREA_PC,799.84,790.51,781.01,771.38,761.65,751.85,742.01,732.12,722.24,712.36,702.47,692.63,682.8,673.0,663.25
51,CH002,Geneva,POP_DENS,440.13,445.32,450.74,456.37,462.19,468.22,474.43,480.84,487.41,494.18,501.13,508.25,515.57,523.07,530.77
52,CH003,Basel,GREEN_AREA_PC,389.58,388.04,386.49,384.93,383.36,381.79,380.21,378.62,377.03,375.42,373.81,372.19,370.56,368.93,367.29
53,CH003,Basel,POP_DENS,514.33,516.38,518.45,520.54,522.67,524.82,527.01,529.22,531.46,533.73,536.03,538.36,540.72,543.12,545.54
54,CHE,Switzerland,POP_DENS,179.13,180.12,181.41,182.87,184.12,185.4,186.5,187.74,189.86,192.57,194.67,196.77,198.89,201.0,203.51
55,CHL,Chile,POP_DENS,20.8,21.04,21.27,21.51,21.74,21.98,22.2,22.42,22.65,22.87,23.09,23.3,23.51,23.72,24.07
56,CL010,Valparaíso,GREEN_AREA_PC,4.11,4.05,4.0,3.95,3.9,3.85,3.79,3.75,3.7,3.65,3.6,3.55,3.5,3.46,3.41
57,CL010,Valparaíso,POP_DENS,631.82,640.13,648.57,657.14,665.84,674.67,683.63,692.74,701.98,711.36,720.88,730.55,740.37,750.34,760.47
58,CL011,Santiago,GREEN_AREA_PC,20.02,19.86,19.69,19.53,19.35,19.18,19.0,18.82,18.64,18.45,18.26,18.07,17.88,17.68,17.48
59,CL011,Santiago,POP_DENS,1279.8,1290.26,1301.1,1312.33,1323.96,1336.01,1348.49,1361.41,1374.78,1388.63,1402.98,1417.83,1433.21,1449.13,1465.62
60,CL020,Concepción,GREEN_AREA_PC,7.23,7.19,7.15,7.11,7.06,7.02,6.97,6.93,6.88,6.83,6.78,6.73,6.68,6.62,6.57
61,CL020,Concepción,POP_DENS,444.94,447.42,450.0,452.68,455.46,458.34,461.32,464.42,467.63,470.96,474.41,477.98,481.69,485.54,489.53
62,CZ001,Prague,GREEN_AREA_PC,302.48,299.9,297.31,294.69,292.05,289.39,286.7,283.99,281.25,278.48,275.68,272.84,269.96,267.03,264.05
63,CZ001,Prague,POP_DENS,424.45,428.1,431.84,435.68,439.62,443.66,447.81,452.09,456.5,461.03,465.72,470.57,475.59,480.81,486.22
64,CZ002,Brno,GREEN_AREA_PC,455.52,454.56,453.57,452.56,451.53,450.46,449.38,448.26,447.12,445.95,444.75,443.52,442.27,440.98,439.66
65,CZ002,Brno,POP_DENS,264.46,265.02,265.59,266.19,266.79,267.43,268.07,268.74,269.42,270.13,270.86,271.61,272.38,273.18,273.99
66,CZ003,Ostrava,GREEN_AREA_PC,486.16,486.95,487.73,488.51,489.27,490.03,490.78,491.52,492.25,492.97,493.69,494.39,495.09,495.77,496.45
67,CZ003,Ostrava,POP_DENS,615.12,614.12,613.13,612.16,611.21,610.26,609.33,608.41,607.51,606.62,605.74,604.88,604.03,603.19,602.37
68,CZE,Czech Republic,POP_DENS,133.01,132.87,132.09,132.05,132.16,132.28,132.69,133.17,134.39,135.52,136.03,136.37,136.02,136.17,136.12
69,DE001,Berlin,GREEN_AREA_PC,209.26,209.1,208.93,208.75,208.56,208.35,208.14,207.91,207.68,207.43,207.17,206.89,206.61,206.31,206.0
70,DE001,Berlin,POP_DENS,701.21,701.74,702.31,702.92,703.57,704.25,704.98,705.75,706.55,707.4,708.3,709.23,710.22,711.24,712.32
71,DE002,Hamburg,GREEN_AREA_PC,938.71,937.06,935.39,933.7,932.01,930.29,928.57,926.82,925.06,923.28,921.5,919.69,917.87,916.04,914.18
72,DE002,Hamburg,POP_DENS,508.7,509.6,510.51,511.43,512.36,513.31,514.26,515.23,516.21,517.2,518.21,519.22,520.25,521.3,522.35
73,DE003,Munich,GREEN_AREA_PC,623.21,616.98,610.8,604.66,598.56,592.5,586.49,580.51,574.58,568.69,562.84,557.03,551.27,545.54,539.85
74,DE003,Munich,POP_DENS,410.21,414.35,418.54,422.79,427.1,431.47,435.9,440.38,444.93,449.54,454.21,458.94,463.75,468.61,473.55
75,DE004,Cologne,GREEN_AREA_PC,73.24,73.04,72.83,72.63,72.42,72.21,72.01,71.8,71.59,71.38,71.17,70.96,70.75,70.54,70.32
76,DE004,Cologne,POP_DENS,938.04,940.65,943.29,945.95,948.64,951.35,954.09,956.86,959.65,962.46,965.3,968.17,971.06,973.98,976.93
77,DE005,Frankfurt,GREEN_AREA_PC,102.21,102.07,101.93,101.79,101.65,101.51,101.37,101.22,101.07,100.92,100.77,100.62,100.47,100.31,100.16
78,DE005,Frankfurt,POP_DENS,638.48,639.33,640.2,641.07,641.96,642.87,643.78,644.71,645.65,646.6,647.57,648.55,649.54,650.54,651.56
79,DE006,Essen,GREEN_AREA_PC,39.28,39.49,39.7,39.91,40.12,40.33,40.54,40.75,40.97,41.18,41.4,41.62,41.84,42.06,42.28
80,DE006,Essen,POP_DENS,2314.75,2302.62,2290.56,2278.56,2266.62,2254.75,2242.95,2231.21,2219.53,2207.91,2196.36,2184.86,2173.43,2162.07,2150.76
81,DE007,Stuttgart,GREEN_AREA_PC,179.71,179.49,179.26,179.03,178.79,178.56,178.32,178.08,177.84,177.6,177.35,177.1,176.85,176.6,176.34
82,DE007,Stuttgart,POP_DENS,970.54,971.76,973.0,974.25,975.52,976.81,978.11,979.43,980.76,982.1,983.47,984.85,986.25,987.67,989.1
83,DE008,Leipzig,GREEN_AREA_PC,353.33,354.43,355.5,356.55,357.57,358.57,359.54,360.48,361.39,362.28,363.14,363.98,364.79,365.57,366.33
84,DE008,Leipzig,POP_DENS,405.7,404.44,403.22,402.03,400.88,399.77,398.69,397.65,396.65,395.67,394.73,393.83,392.95,392.11,391.3
85,DE009,Dresden,GREEN_AREA_PC,528.44,527.24,525.99,524.71,523.39,522.03,520.64,519.21,517.75,516.25,514.72,513.16,511.57,509.94,508.28
86,DE009,Dresden,POP_DENS,475.05,476.13,477.25,478.42,479.63,480.88,482.16,483.49,484.85,486.26,487.71,489.19,490.71,492.28,493.88
87,DE010,Dortmund,GREEN_AREA_PC,60.77,61.13,61.49,61.85,62.22,62.58,62.95,63.31,63.68,64.05,64.41,64.78,65.15,65.52,65.89
88,DE010,Dortmund,POP_DENS,1592.62,1583.19,1573.86,1564.63,1555.48,1546.42,1537.45,1528.57,1519.77,1511.06,1502.43,1493.89,1485.43,1477.05,1468.74
89,DE011,Düsseldorf,GREEN_AREA_PC,53.71,53.72,53.74,53.75,53.76,53.77,53.78,53.79,53.8,53.8,53.81,53.81,53.82,53.82,53.82
90,DE011,Düsseldorf,POP_DENS,1262.95,1262.61,1262.29,1261.99,1261.72,1261.47,1261.24,1261.04,1260.86,1260.7,1260.57,1260.46,1260.37,1260.31,1260.27
91,DE012,Bremen,GREEN_AREA_PC,1428.29,1427.88,1427.46,1427.05,1426.61,1426.16,1425.69,1425.21,1424.72,1424.22,1423.69,1423.15,1422.6,1422.03,1421.46
92,DE012,Bremen,POP_DENS,321.84,321.93,322.03,322.12,322.22,322.32,322.43,322.54,322.65,322.76,322.88,323.0,323.13,323.26,323.39
93,DE013,Hanover,GREEN_AREA_PC,553.84,554.52,555.19,555.86,556.52,557.18,557.83,558.47,559.11,559.74,560.36,560.97,561.58,562.18,562.78
94,DE013,Hanover,POP_DENS,400.28,399.79,399.31,398.83,398.35,397.88,397.42,396.96,396.51,396.07,395.63,395.19,394.76,394.34,393.92
95,DE014,Nuremberg,GREEN_AREA_PC,682.06,681.8,681.53,681.26,680.98,680.68,680.39,680.08,679.77,679.45,679.12,678.79,678.44,678.09,677.73
96,DE014,Nuremberg,POP_DENS,372.11,372.25,372.4,372.55,372.71,372.87,373.03,373.2,373.37,373.54,373.72,373.91,374.1,374.29,374.49
97,DE015,Bochum,GREEN_AREA_PC,25.12,25.36,25.6,25.84,26.08,26.32,26.57,26.82,27.07,27.32,27.58,27.84,28.1,28.36,28.62
98,DE015,Bochum,POP_DENS,2217.2,2196.56,2176.12,2155.88,2135.84,2115.99,2096.35,2076.9,2057.64,2038.57,2019.68,2000.99,1982.47,1964.14,1945.99
99,DE027,Freiburg im Breisgau,GREEN_AREA_PC,615.8,613.29,610.77,608.26,605.76,603.25,600.75,598.25,595.76,593.27,590.78,588.3,585.82,583.34,580.87
100,DE027,Freiburg im Breisgau,POP_DENS,334.07,335.44,336.83,338.22,339.61,341.02,342.44,343.87,345.31,346.76,348.22,349.69,351.17,352.66,354.16
101,DE033,Augsburg,GREEN_AREA_PC,771.93,769.45,766.96,764.47,761.98,759.48,756.98,754.47,751.96,749.44,746.92,744.39,741.86,739.33,736.79
102,DE033,Augsburg,POP_DENS,320.87,321.9,322.95,324.0,325.06,326.13,327.2,328.29,329.39,330.5,331.61,332.74,333.87,335.02,336.17
103,DE034,Bonn,GREEN_AREA_PC,117.57,117.42,117.26,117.1,116.94,116.78,116.62,116.45,116.29,116.13,115.96,115.79,115.63,115.46,115.29
104,DE034,Bonn,POP_DENS,689.8,690.72,691.65,692.59,693.53,694.48,695.45,696.42,697.4,698.39,699.39,700.4,701.42,702.44,703.48
105,DE035,Karlsruhe,GREEN_AREA_PC,229.24,228.61,227.97,227.33,226.68,226.04,225.4,224.75,224.1,223.45,222.8,222.15,221.5,220.84,220.19
106,DE035,Karlsruhe,POP_DENS,504.3,505.7,507.11,508.55,509.98,511.43,512.9,514.38,515.86,517.36,518.87,520.39,521.93,523.47,525.03
107,DE040,Saarbrücken,GREEN_AREA_PC,297.24,299.64,302.06,304.5,306.94,309.41,311.89,314.38,316.89,319.41,321.95,324.5,327.07,329.66,332.25
108,DE040,Saarbrücken,POP_DENS,612.58,607.66,602.79,597.97,593.2,588.48,583.8,579.17,574.58,570.05,565.55,561.1,556.7,552.33,548.02
109,DE501,Duisburg,GREEN_AREA_PC,118.76,119.4,120.04,120.68,121.33,121.97,122.63,123.28,123.94,124.6,125.27,125.94,126.61,127.28,127.96
110,DE501,Duisburg,POP_DENS,1273.57,1266.78,1260.02,1253.3,1246.62,1239.98,1233.39,1226.83,1220.3,1213.82,1207.38,1200.97,1194.61,1188.28,1181.98
111,DE502,Mannheim,GREEN_AREA_PC,81.5,81.69,81.88,82.07,82.26,82.45,82.64,82.82,83.01,83.19,83.38,83.56,83.74,83.92,84.1
112,DE502,Mannheim,POP_DENS,651.12,649.59,648.08,646.58,645.1,643.62,642.16,640.72,639.29,637.87,636.46,635.07,633.7,632.33,630.98
113,DE504,Münster,GREEN_AREA_PC,976.61,970.53,964.45,958.38,952.32,946.27,940.24,934.21,928.19,922.19,916.2,910.23,904.26,898.31,892.37
114,DE504,Münster,POP_DENS,299.6,301.48,303.37,305.3,307.24,309.2,311.19,313.2,315.22,317.28,319.35,321.45,323.57,325.71,327.88
115,DE507,Aachen,GREEN_AREA_PC,242.74,243.26,243.77,244.27,244.76,245.24,245.7,246.16,246.6,247.03,247.45,247.86,248.25,248.63,249.0
116,DE507,Aachen,POP_DENS,761.92,760.3,758.71,757.15,755.64,754.17,752.74,751.35,750.0,748.69,747.42,746.19,745.01,743.87,742.78
117,DEU,Germany,POP_DENS,230.14,230.4,230.91,231.18,231.15,231.03,230.86,230.5,230.23,229.63,229.06,228.92,229.18,229.67,226.16
118,DK001,Copenhagen,GREEN_AREA_PC,399.4,397.76,396.11,394.46,392.81,391.16,389.5,387.84,386.18,384.52,382.85,381.18,379.52,377.85,376.18
119,DK001,Copenhagen,POP_DENS,467.08,469.01,470.96,472.93,474.92,476.93,478.96,481.0,483.07,485.16,487.27,489.4,491.55,493.72,495.92
120,DNK,Denmark,POP_DENS,123.67,124.12,124.56,124.92,125.24,125.56,125.94,126.39,127.05,127.88,128.42,129.44,129.9,130.42,130.99
121,EE001,Tallinn,GREEN_AREA_PC,1466.52,1466.75,1466.96,1467.17,1467.38,1467.58,1467.77,1467.97,1468.15,1468.33,1468.51,1468.68,1468.84,1469.0,1469.15
122,EE001,Tallinn,POP_DENS,122.85,122.83,122.81,122.79,122.78,122.76,122.74,122.73,122.71,122.7,122.68,122.67,122.65,122.64,122.63
123,ES001,Madrid,GREEN_AREA_PC,31.5,31.0,30.49,29.98,29.47,28.95,28.44,27.92,27.4,26.88,26.36,25.83,25.3,24.76,24.23
124,ES001,Madrid,POP_DENS,471.88,479.6,487.6,495.89,504.5,513.44,522.73,532.41,542.49,553.02,564.02,575.54,587.6,600.26,613.57
125,ES002,Barcelona,GREEN_AREA_PC,2.67,2.64,2.61,2.58,2.56,2.53,2.5,2.48,2.45,2.42,2.39,2.37,2.34,2.31,2.29
126,ES002,Barcelona,POP_DENS,2422.69,2448.04,2473.85,2500.13,2526.89,2554.14,2581.89,2610.18,2639.0,2668.38,2698.33,2728.87,2760.03,2791.81,2824.24
127,ES003,Valencia,GREEN_AREA_PC,17.46,17.23,16.99,16.76,16.53,16.3,16.07,15.85,15.62,15.4,15.17,14.95,14.73,14.5,14.28
128,ES003,Valencia,POP_DENS,925.29,937.81,950.62,963.73,977.14,990.88,1004.95,1019.36,1034.12,1049.26,1064.78,1080.69,1097.02,1113.77,1130.97
129,ES004,Seville,GREEN_AREA_PC,15.68,15.5,15.33,15.15,14.98,14.8,14.62,14.44,14.26,14.08,13.9,13.71,13.53,13.35,13.16
130,ES004,Seville,POP_DENS,302.46,305.86,309.36,312.95,316.65,320.45,324.37,328.4,332.55,336.83,341.24,345.8,350.49,355.35,360.36
131,ES005,Zaragoza,GREEN_AREA_PC,64.15,63.4,62.66,61.91,61.15,60.38,59.61,58.83,58.03,57.22,56.4,55.57,54.71,53.84,52.95
132,ES005,Zaragoza,POP_DENS,61.07,61.79,62.52,63.28,64.06,64.88,65.72,66.59,67.51,68.46,69.45,70.5,71.6,72.76,73.99
133,ES006,Málaga,GREEN_AREA_PC,32.71,32.22,31.74,31.25,30.76,30.27,29.77,29.28,28.79,28.29,27.8,27.3,26.8,26.31,25.81
134,ES006,Málaga,POP_DENS,436.7,443.28,450.08,457.11,464.38,471.92,479.72,487.8,496.17,504.85,513.86,523.2,532.9,542.97,553.43
135,ES008,Las Palmas,GREEN_AREA_PC,91.15,90.35,89.56,88.77,87.98,87.2,86.43,85.66,84.9,84.14,83.39,82.65,81.91,81.17,80.44
136,ES008,Las Palmas,POP_DENS,763.08,769.84,776.67,783.57,790.55,797.61,804.74,811.95,819.24,826.61,834.06,841.59,849.21,856.91,864.69
137,ES019,Bilbao,GREEN_AREA_PC,218.08,217.46,216.81,216.14,215.46,214.75,214.03,213.29,212.52,211.74,210.93,210.11,209.26,208.39,207.5
138,ES019,Bilbao,POP_DENS,845.4,847.84,850.38,853.0,855.71,858.51,861.42,864.42,867.53,870.74,874.06,877.5,881.05,884.72,888.52
139,ESP,Spain,POP_DENS,80.66,81.05,81.78,83.36,84.8,86.29,87.71,89.26,91.02,92.15,92.65,93.01,93.31,93.13,92.7
140,EST,Estonia,POP_DENS,32.26,32.07,31.85,31.66,31.46,31.29,31.1,30.92,30.82,30.75,30.7,30.61,30.51,30.4,30.3
141,FI001,Helsinki,GREEN_AREA_PC,85.45,84.86,84.27,83.68,83.09,82.51,81.93,81.35,80.77,80.2,79.63,79.06,78.5,77.94,77.38
142,FI001,Helsinki,POP_DENS,213.6,215.09,216.6,218.13,219.67,221.22,222.79,224.37,225.97,227.59,229.21,230.86,232.52,234.2,235.89
143,FIN,Finland,POP_DENS,16.98,17.01,17.06,17.1,17.14,17.2,17.28,17.35,17.44,17.53,17.61,17.69,17.77,17.86,17.94
144,FR001,Paris,GREEN_AREA_PC,97.99,97.35,96.71,96.07,95.43,94.78,94.14,93.49,92.85,92.2,91.55,90.9,90.24,89.59,88.93
145,FR001,Paris,POP_DENS,903.63,909.57,915.6,921.71,927.92,934.21,940.61,947.1,953.7,960.41,967.23,974.17,981.23,988.42,995.74
146,FR003,Lyon,GREEN_AREA_PC,529.89,525.63,521.38,517.15,512.92,508.72,504.53,500.34,496.18,492.03,487.9,483.78,479.67,475.58,471.5
147,FR003,Lyon,POP_DENS,478.37,482.25,486.18,490.16,494.2,498.28,502.42,506.62,510.87,515.18,519.55,523.97,528.46,533.01,537.62
148,FR004,Toulouse,GREEN_AREA_PC,212.58,209.14,205.73,202.34,198.97,195.64,192.32,189.04,185.78,182.54,179.34,176.15,172.99,169.86,166.76
149,FR004,Toulouse,POP_DENS,195.9,199.12,202.43,205.82,209.3,212.87,216.53,220.3,224.16,228.14,232.22,236.42,240.73,245.17,249.74
150,FR006,Strasbourg,GREEN_AREA_PC,381.86,379.81,377.77,375.72,373.67,371.62,369.56,367.49,365.43,363.36,361.29,359.22,357.14,355.06,352.98
151,FR006,Strasbourg,POP_DENS,353.47,355.37,357.3,359.24,361.21,363.21,365.24,367.29,369.36,371.47,373.6,375.75,377.94,380.15,382.39
152,FR007,Bordeaux,GREEN_AREA_PC,1472.11,1456.61,1441.14,1425.74,1410.33,1394.98,1379.67,1364.38,1349.14,1333.93,1318.77,1303.65,1288.56,1273.52,1258.52
153,FR007,Bordeaux,POP_DENS,183.22,185.17,187.16,189.18,191.25,193.35,195.5,197.69,199.92,202.2,204.52,206.9,209.32,211.79,214.31
154,FR008,Nantes,GREEN_AREA_PC,658.58,651.99,645.39,638.79,632.19,625.59,618.99,612.4,605.8,599.21,592.62,586.04,579.45,572.87,566.3
155,FR008,Nantes,POP_DENS,249.06,251.57,254.15,256.77,259.45,262.19,264.98,267.84,270.75,273.73,276.77,279.89,283.07,286.32,289.64
156,FR009,Lille,GREEN_AREA_PC,42.05,41.95,41.85,41.76,41.66,41.56,41.46,41.36,41.26,41.15,41.05,40.94,40.84,40.73,40.62
157,FR009,Lille,POP_DENS,906.47,908.52,910.6,912.72,914.87,917.05,919.27,921.52,923.81,926.13,928.49,930.89,933.33,935.8,938.31
158,FR010,Montpellier,GREEN_AREA_PC,232.63,229.52,226.45,223.4,220.38,217.4,214.43,211.5,208.6,205.72,202.88,200.06,197.27,194.5,191.76
159,FR010,Montpellier,POP_DENS,247.95,251.31,254.72,258.2,261.74,265.33,268.99,272.72,276.52,280.38,284.31,288.32,292.4,296.56,300.79
160,FR011,Saint-Étienne,GREEN_AREA_PC,1133.51,1132.12,1130.64,1129.08,1127.4,1125.62,1123.75,1121.77,1119.68,1117.5,1115.21,1112.8,1110.31,1107.69,1104.98
161,FR011,Saint-Étienne,POP_DENS,284.67,285.02,285.39,285.79,286.21,286.67,287.14,287.65,288.19,288.75,289.34,289.97,290.62,291.31,292.02
162,FR013,Rennes,GREEN_AREA_PC,580.73,573.13,565.57,557.99,550.43,542.89,535.35,527.83,520.34,512.86,505.4,497.96,490.53,483.14,475.77
163,FR013,Rennes,POP_DENS,153.25,155.28,157.36,159.5,161.69,163.93,166.24,168.61,171.04,173.53,176.09,178.73,181.43,184.21,187.06
164,FR026,Grenoble,GREEN_AREA_PC,1159.16,1153.89,1148.59,1143.24,1137.84,1132.41,1126.93,1121.39,1115.82,1110.21,1104.56,1098.87,1093.13,1087.34,1081.53
165,FR026,Grenoble,POP_DENS,229.62,230.67,231.74,232.82,233.93,235.05,236.19,237.36,238.54,239.75,240.97,242.22,243.49,244.79,246.11
166,FR032,Toulon,GREEN_AREA_PC,14.53,14.45,14.37,14.29,14.21,14.13,14.05,13.96,13.88,13.8,13.72,13.63,13.55,13.47,13.38
167,FR032,Toulon,POP_DENS,493.4,496.11,498.87,501.67,504.51,507.4,510.33,513.31,516.33,519.4,522.52,525.69,528.91,532.19,535.52
168,FR203,Marseille,GREEN_AREA_PC,51.49,51.13,50.78,50.43,50.08,49.73,49.38,49.03,48.68,48.33,47.99,47.64,47.29,46.95,46.6
169,FR203,Marseille,POP_DENS,379.41,382.02,384.67,387.34,390.06,392.8,395.58,398.4,401.25,404.14,407.07,410.04,413.05,416.1,419.19
170,FR205,Nice,GREEN_AREA_PC,244.39,243.11,241.83,240.54,239.25,237.95,236.65,235.33,234.02,232.7,231.37,230.04,228.71,227.37,226.02
171,FR205,Nice,POP_DENS,258.38,259.73,261.11,262.51,263.93,265.37,266.83,268.32,269.83,271.36,272.91,274.49,276.1,277.72,279.37
172,FR215,Rouen,GREEN_AREA_PC,698.89,696.43,693.9,691.31,688.64,685.89,683.08,680.16,677.19,674.12,670.98,667.76,664.45,661.06,657.58
173,FR215,Rouen,POP_DENS,233.61,234.44,235.29,236.17,237.09,238.04,239.02,240.04,241.1,242.19,243.33,244.5,245.72,246.98,248.29
174,FRA,France,POP_DENS,108.2,108.95,109.72,110.49,111.23,112.07,112.87,113.6,114.23,114.83,115.38,115.95,116.51,117.03,117.51
175,GBR,United Kingdom,POP_DENS,242.4,243.29,244.28,245.36,246.56,248.16,249.97,251.84,253.89,255.84,257.77,259.88,261.83,264.34,265.18
176,GR001,Athens,GREEN_AREA_PC,0.93,0.94,0.94,0.94,0.95,0.95,0.95,0.96,0.96,0.96,0.96,0.97,0.97,0.97,0.97
177,GR001,Athens,POP_DENS,2226.36,2216.95,2207.97,2199.42,2191.29,2183.6,2176.34,2169.52,2163.15,2157.23,2151.75,2146.74,2142.19,2138.12,2134.51
178,GR002,Thessalonica,GREEN_AREA_PC,42.33,42.38,42.41,42.42,42.4,42.37,42.32,42.25,42.15,42.04,41.9,41.75,41.57,41.37,41.15
179,GR002,Thessalonica,POP_DENS,677.35,676.59,676.14,676.01,676.19,676.7,677.53,678.7,680.21,682.06,684.27,686.84,689.77,693.08,696.77
180,GRC,Greece,POP_DENS,83.42,83.63,83.91,84.2,84.46,84.79,85.04,85.4,85.72,86.08,86.42,86.45,85.03,84.56,83.35
181,HU001,Budapest,GREEN_AREA_PC,426.06,425.34,424.58,423.78,422.94,422.06,421.13,420.17,419.17,418.12,417.03,415.9,414.72,413.5,412.23
182,HU001,Budapest,POP_DENS,460.0,460.78,461.6,462.48,463.39,464.36,465.38,466.44,467.56,468.73,469.96,471.24,472.58,473.97,475.43
183,HUN,Hungary,POP_DENS,109.87,109.65,109.37,109.02,108.75,108.54,108.32,108.2,107.98,107.83,107.65,107.34,106.76,106.51,106.18
184,IE001,Dublin,GREEN_AREA_PC,26.14,25.76,25.37,24.96,24.54,24.11,23.66,23.2,22.72,22.23,21.72,21.2,20.66,20.1,19.52
185,IE001,Dublin,POP_DENS,287.62,291.88,296.42,301.25,306.41,311.92,317.82,324.15,330.94,338.26,346.16,354.71,363.98,374.1,385.16
186,IRL,Ireland,POP_DENS,55.23,56.04,57.02,57.96,58.91,60.12,61.53,63.46,65.18,66.11,66.52,66.83,67.0,67.13,67.34
187,IT001,Rome,GREEN_AREA_PC,251.93,250.04,248.15,246.25,244.34,242.42,240.49,238.56,236.61,234.66,232.7,230.73,228.76,226.77,224.78
188,IT001,Rome,POP_DENS,651.06,655.97,660.98,666.08,671.29,676.6,682.02,687.55,693.2,698.96,704.85,710.86,717.0,723.28,729.69
189,IT002,Milan,GREEN_AREA_PC,24.21,24.09,23.97,23.85,23.72,23.59,23.47,23.34,23.21,23.08,22.94,22.81,22.67,22.53,22.4
190,IT002,Milan,POP_DENS,1458.8,1466.1,1473.55,1481.16,1488.94,1496.9,1505.03,1513.34,1521.84,1530.53,1539.42,1548.5,1557.8,1567.3,1577.03
191,IT003,Naples,GREEN_AREA_PC,13.11,13.1,13.09,13.08,13.07,13.06,13.05,13.04,13.02,13.01,12.99,12.97,12.96,12.94,12.92
192,IT003,Naples,POP_DENS,2258.37,2259.81,2261.38,2263.1,2264.96,2266.97,2269.12,2271.44,2273.92,2276.57,2279.38,2282.37,2285.54,2288.89,2292.44
193,IT004,Turin,GREEN_AREA_PC,251.18,250.34,249.49,248.63,247.77,246.9,246.03,245.15,244.26,243.37,242.47,241.56,240.64,239.72,238.79
194,IT004,Turin,POP_DENS,947.04,950.23,953.45,956.73,960.06,963.43,966.86,970.33,973.85,977.44,981.07,984.76,988.5,992.3,996.16
195,IT005,Palermo,GREEN_AREA_PC,44.95,44.95,44.94,44.92,44.91,44.89,44.86,44.83,44.8,44.76,44.72,44.68,44.63,44.58,44.52
196,IT005,Palermo,POP_DENS,1114.43,1114.57,1114.79,1115.11,1115.53,1116.04,1116.64,1117.35,1118.16,1119.07,1120.09,1121.22,1122.46,1123.81,1125.28
197,IT006,Genova,GREEN_AREA_PC,322.36,323.39,324.42,325.46,326.49,327.52,328.56,329.59,330.63,331.67,332.71,333.74,334.78,335.82,336.86
198,IT006,Genova,POP_DENS,663.74,661.63,659.53,657.44,655.36,653.29,651.23,649.19,647.15,645.13,643.11,641.11,639.12,637.14,635.17
199,IT007,Florence,GREEN_AREA_PC,523.05,521.48,519.9,518.31,516.71,515.11,513.5,511.89,510.26,508.63,506.99,505.34,503.69,502.03,500.36
200,IT007,Florence,POP_DENS,403.34,404.56,405.79,407.03,408.29,409.56,410.84,412.14,413.45,414.78,416.12,417.48,418.85,420.23,421.63
201,IT008,Bari,GREEN_AREA_PC,0.76,0.76,0.76,0.76,0.75,0.75,0.75,0.75,0.75,0.74,0.74,0.74,0.74,0.74,0.74
202,IT008,Bari,POP_DENS,747.28,749.02,750.78,752.55,754.34,756.15,757.97,759.81,761.67,763.55,765.45,767.36,769.3,771.25,773.22
203,IT009,Bologna,GREEN_AREA_PC,199.52,198.42,197.32,196.22,195.11,194.0,192.88,191.76,190.64,189.51,188.37,187.24,186.09,184.95,183.8
204,IT009,Bologna,POP_DENS,345.58,347.48,349.42,351.38,353.38,355.4,357.46,359.55,361.67,363.83,366.02,368.25,370.51,372.8,375.13
205,IT010,Catania,GREEN_AREA_PC,36.18,36.13,36.07,36.01,35.94,35.87,35.79,35.71,35.63,35.55,35.45,35.36,35.26,35.16,35.05
206,IT010,Catania,POP_DENS,1002.86,1004.37,1006.01,1007.76,1009.62,1011.61,1013.71,1015.94,1018.3,1020.79,1023.4,1026.15,1029.04,1032.06,1035.22
207,IT011,Venice,GREEN_AREA_PC,1.2,1.2,1.2,1.2,1.2,1.2,1.2,1.19,1.19,1.19,1.19,1.19,1.18,1.18,1.18
208,IT011,Venice,POP_DENS,491.23,491.75,492.3,492.87,493.46,494.09,494.74,495.41,496.11,496.84,497.6,498.38,499.19,500.03,500.9
209,ITA,Italy,POP_DENS,192.89,193.02,193.1,193.59,194.83,196.11,196.75,197.29,198.75,199.92,200.57,201.16,201.26,202.25,205.96
210,JP003,Sapporo,GREEN_AREA_PC,176.6,175.58,174.56,173.54,172.51,171.48,171.06,170.63,170.19,169.75,169.3,168.55,167.8,167.05,166.29
211,JP003,Sapporo,POP_DENS,962.92,968.52,974.19,979.94,985.76,991.66,994.13,996.65,999.2,1001.81,1004.45,1008.91,1013.43,1018.01,1022.65
212,JP013,Sendai,GREEN_AREA_PC,25.61,25.53,25.44,25.35,25.26,25.18,25.1,25.02,24.94,24.86,24.78,24.69,24.6,24.52,24.43
213,JP013,Sendai,POP_DENS,919.73,922.82,925.96,929.14,932.37,935.65,938.53,941.48,944.48,947.53,950.64,953.99,957.39,960.84,964.34
214,JP015,Niigata,GREEN_AREA_PC,161.63,161.62,161.62,161.62,161.61,161.61,161.91,162.21,162.51,162.8,163.1,163.24,163.38,163.52,163.66
215,JP015,Niigata,POP_DENS,681.79,681.8,681.81,681.83,681.85,681.88,680.61,679.35,678.1,676.86,675.63,675.04,674.46,673.89,673.33
216,JP020,Toyama,GREEN_AREA_PC,332.25,332.03,331.8,331.57,331.34,331.11,331.2,331.3,331.39,331.48,331.57,331.49,331.4,331.32,331.23
217,JP020,Toyama,POP_DENS,346.72,346.95,347.19,347.43,347.67,347.92,347.82,347.72,347.62,347.52,347.43,347.52,347.61,347.7,347.79
218,JP021,Nagano,GREEN_AREA_PC,246.11,246.46,246.8,247.13,247.47,247.81,248.79,249.77,250.75,251.73,252.72,253.37,254.02,254.68,255.33
219,JP021,Nagano,POP_DENS,445.3,444.68,444.06,443.45,442.85,442.25,440.51,438.78,437.06,435.36,433.66,432.54,431.43,430.32,429.23
220,JP023,Kanazawa,GREEN_AREA_PC,130.21,130.04,129.86,129.68,129.5,129.31,128.85,128.39,127.93,127.47,127.01,126.68,126.35,126.02,125.69
221,JP023,Kanazawa,POP_DENS,565.44,566.2,566.98,567.77,568.57,569.38,571.41,573.46,575.52,577.6,579.71,581.2,582.72,584.24,585.79
222,JP024,Utsunomiya,GREEN_AREA_PC,93.99,93.51,93.03,92.56,92.08,91.61,91.37,91.14,90.9,90.66,90.42,90.07,89.71,89.36,89.0
223,JP024,Utsunomiya,POP_DENS,777.72,781.7,785.7,789.74,793.8,797.9,799.95,802.03,804.12,806.24,808.38,811.57,814.78,818.01,821.26
224,JP025,Maebashi,GREEN_AREA_PC,38.59,38.56,38.52,38.49,38.45,38.41,38.41,38.4,38.39,38.39,38.38,38.35,38.32,38.29,38.27
225,JP025,Maebashi,POP_DENS,823.82,824.55,825.3,826.07,826.87,827.69,827.78,827.89,828.03,828.2,828.39,828.97,829.57,830.19,830.83
226,JP026,Mito,GREEN_AREA_PC,70.8,70.76,70.73,70.69,70.65,70.61,70.46,70.3,70.14,69.99,69.83,69.73,69.62,69.52,69.42
227,JP026,Mito,POP_DENS,903.7,904.18,904.66,905.14,905.63,906.12,908.11,910.13,912.17,914.23,916.32,917.64,918.96,920.3,921.65
228,JP030,Tokyo,GREEN_AREA_PC,4.99,4.97,4.94,4.91,4.88,4.85,4.82,4.78,4.75,4.72,4.68,4.65,4.62,4.59,4.56
229,JP030,Tokyo,POP_DENS,3816.86,3838.94,3861.39,3884.22,3907.42,3931.02,3958.07,3985.5,4013.3,4041.48,4070.06,4097.27,4124.86,4152.82,4181.17
230,JP031,Kofu,GREEN_AREA_PC,37.3,37.23,37.15,37.08,37.01,36.94,36.99,37.04,37.09,37.14,37.18,37.17,37.16,37.14,37.13
231,JP031,Kofu,POP_DENS,647.7,648.93,650.17,651.43,652.7,653.99,653.11,652.23,651.37,650.52,649.68,649.91,650.16,650.42,650.68
232,JP034,Nagoya,GREEN_AREA_PC,7.84,7.81,7.78,7.75,7.72,7.69,7.67,7.65,7.62,7.6,7.57,7.55,7.52,7.49,7.46
233,JP034,Nagoya,POP_DENS,1568.57,1574.52,1580.54,1586.62,1592.76,1598.97,1603.92,1608.94,1614.02,1619.17,1624.38,1630.29,1636.27,1642.31,1648.41
234,JP036,Numazu,GREEN_AREA_PC,31.97,31.94,31.91,31.89,31.86,31.83,31.87,31.91,31.95,31.98,32.02,32.02,32.02,32.02,32.02
235,JP036,Numazu,POP_DENS,1099.99,1100.91,1101.85,1102.81,1103.81,1104.82,1103.44,1102.08,1100.75,1099.45,1098.17,1098.12,1098.09,1098.08,1098.1
236,JP038,Osaka,GREEN_AREA_PC,11.08,11.07,11.06,11.05,11.03,11.02,11.01,11.0,10.99,10.98,10.96,10.95,10.94,10.92,10.9
237,JP038,Osaka,POP_DENS,2436.4,2438.91,2441.56,2444.34,2447.25,2450.3,2452.55,2454.91,2457.37,2459.94,2462.63,2465.87,2469.23,2472.71,2476.32
238,JP039,Shizuoka,GREEN_AREA_PC,12.55,12.65,12.75,12.85,12.96,13.06,13.01,12.96,12.91,12.86,12.81,12.83,12.86,12.88,12.91
239,JP039,Shizuoka,POP_DENS,642.5,637.44,632.43,627.45,622.51,617.61,619.9,622.24,624.65,627.11,629.63,628.43,627.24,626.06,624.9
240,JP040,Anjo,GREEN_AREA_PC,0.95,0.93,0.92,0.91,0.9,0.89,0.88,0.88,0.87,0.86,0.86,0.85,0.84,0.83,0.82
241,JP040,Anjo,POP_DENS,2396.41,2426.05,2456.07,2486.49,2517.3,2548.52,2567.16,2585.95,2604.91,2624.04,2643.34,2669.49,2695.91,2722.62,2749.6
242,JP042,Yokkaichi,GREEN_AREA_PC,28.37,28.26,28.14,28.02,27.91,27.79,27.65,27.51,27.37,27.23,27.08,26.95,26.82,26.69,26.56
243,JP042,Yokkaichi,POP_DENS,1257.44,1262.62,1267.83,1273.08,1278.38,1283.72,1290.24,1296.86,1303.58,1310.4,1317.33,1323.65,1330.04,1336.5,1343.02
244,JP046,Himeji,GREEN_AREA_PC,26.42,26.42,26.42,26.42,26.42,26.42,26.43,26.45,26.46,26.47,26.49,26.49,26.49,26.5,26.5
245,JP046,Himeji,POP_DENS,811.46,811.39,811.34,811.31,811.29,811.28,810.86,810.45,810.05,809.67,809.31,809.16,809.03,808.91,808.8
246,JP047,Toyohashi,GREEN_AREA_PC,31.74,31.62,31.51,31.4,31.28,31.17,31.14,31.12,31.09,31.07,31.05,30.98,30.9,30.83,30.76
247,JP047,Toyohashi,POP_DENS,778.7,781.52,784.36,787.23,790.11,793.01,793.61,794.22,794.84,795.46,796.1,797.91,799.73,801.56,803.41
248,JP048,Hamamatsu,GREEN_AREA_PC,21.48,21.38,21.28,21.19,21.09,20.99,21.02,21.04,21.06,21.09,21.11,21.07,21.04,21.0,20.96
249,JP048,Hamamatsu,POP_DENS,666.02,669.08,672.15,675.23,678.33,681.44,680.68,679.92,679.17,678.41,677.65,678.83,680.01,681.18,682.37
250,JP050,Okayama,GREEN_AREA_PC,87.7,87.33,86.95,86.58,86.2,85.83,85.65,85.48,85.3,85.12,84.95,84.67,84.39,84.1,83.82
251,JP050,Okayama,POP_DENS,777.1,780.44,783.81,787.21,790.64,794.11,795.72,797.35,798.99,800.65,802.33,804.98,807.66,810.36,813.08
252,JP051,Kurashiki,GREEN_AREA_PC,22.5,22.14,21.79,21.44,21.09,20.97,20.94,20.9,20.87,20.84,20.8,20.64,20.47,20.31,20.15
253,JP051,Kurashiki,POP_DENS,1006.59,1022.95,1039.64,1056.67,1074.04,1080.21,1081.9,1083.6,1085.31,1087.03,1088.76,1097.47,1106.27,1115.16,1124.15
254,JP052,Fukuyama,GREEN_AREA_PC,33.12,33.15,33.17,33.2,33.23,33.26,33.3,33.34,33.38,33.42,33.46,33.49,33.52,33.55,33.58
255,JP052,Fukuyama,POP_DENS,797.59,796.9,796.22,795.55,794.9,794.26,793.25,792.27,791.3,790.36,789.44,788.72,788.0,787.3,786.62
256,JP053,Hiroshima,GREEN_AREA_PC,11.95,11.92,11.88,11.85,11.81,11.78,11.75,11.72,11.69,11.66,11.63,11.6,11.56,11.53,11.49
257,JP053,Hiroshima,POP_DENS,1144.09,1147.36,1150.66,1154.02,1157.43,1160.89,1163.74,1166.62,1169.56,1172.53,1175.54,1178.93,1182.37,1185.86,1189.39
258,JP054,Takamatsu,GREEN_AREA_PC,19.19,18.65,18.11,17.58,17.06,19.1,18.61,18.13,17.65,17.17,16.7,16.45,16.21,15.96,15.72
259,JP054,Takamatsu,POP_DENS,878.02,903.46,930.14,958.15,987.53,882.22,905.25,929.4,954.72,981.25,1009.06,1024.16,1039.66,1055.56,1071.88
260,JP055,Wakayama,GREEN_AREA_PC,37.62,37.79,37.96,38.12,38.29,38.45,38.55,38.66,38.76,38.86,38.96,39.09,39.22,39.35,39.48
261,JP055,Wakayama,POP_DENS,1296.14,1290.46,1284.83,1279.26,1273.75,1268.29,1264.9,1261.55,1258.24,1254.97,1251.74,1247.54,1243.39,1239.29,1235.23
262,JP059,Tokushima,GREEN_AREA_PC,25.98,26.0,26.01,26.02,26.03,26.04,26.12,26.19,26.27,26.34,26.41,26.45,26.49,26.53,26.57
263,JP059,Tokushima,POP_DENS,720.1,719.72,719.36,719.03,718.72,718.43,716.36,714.31,712.3,710.31,708.34,707.28,706.25,705.23,704.24
264,JP064,Kitakyushu,GREEN_AREA_PC,9.92,9.96,9.99,10.03,10.06,10.1,10.13,10.17,10.2,10.23,10.27,10.3,10.34,10.37,10.4
265,JP064,Kitakyushu,POP_DENS,2146.08,2138.38,2130.74,2123.19,2115.7,2108.29,2101.29,2094.35,2087.48,2080.67,2073.93,2067.04,2060.21,2053.43,2046.71
266,JP065,Matsuyama,GREEN_AREA_PC,54.02,53.9,53.79,53.67,53.55,53.44,53.44,53.44,53.43,53.43,53.43,53.37,53.31,53.25,53.19
267,JP065,Matsuyama,POP_DENS,797.89,799.6,801.32,803.05,804.78,806.52,806.54,806.58,806.61,806.65,806.7,807.6,808.51,809.42,810.33
268,JP066,Fukuoka,GREEN_AREA_PC,7.13,7.08,7.02,6.97,6.92,6.86,6.82,6.77,6.73,6.68,6.63,6.59,6.54,6.49,6.44
269,JP066,Fukuoka,POP_DENS,2035.4,2050.83,2066.45,2082.26,2098.26,2114.45,2128.62,2142.99,2157.57,2172.34,2187.32,2203.54,2219.95,2236.57,2253.39
270,JP067,Kochi,GREEN_AREA_PC,23.9,23.9,23.91,23.91,23.91,23.91,24.02,24.12,24.23,24.33,24.44,24.49,24.54,24.6,24.65
271,JP067,Kochi,POP_DENS,510.63,510.55,510.47,510.4,510.34,510.29,508.06,505.85,503.66,501.49,499.34,498.26,497.19,496.14,495.09
272,JP071,Oita,GREEN_AREA_PC,62.57,62.44,62.3,62.17,62.03,61.89,61.69,61.48,61.27,61.06,60.86,60.68,60.51,60.33,60.16
273,JP071,Oita,POP_DENS,576.36,577.61,578.87,580.14,581.42,582.71,584.66,586.62,588.61,590.61,592.63,594.32,596.04,597.76,599.5
274,JP074,Kumamoto,GREEN_AREA_PC,24.65,24.57,24.49,24.4,24.32,24.24,24.15,24.07,23.99,23.9,23.82,23.73,23.64,23.56,23.47
275,JP074,Kumamoto,POP_DENS,1155.55,1159.42,1163.33,1167.29,1171.3,1175.35,1179.36,1183.43,1187.57,1191.78,1196.05,1200.41,1204.83,1209.31,1213.85
276,JP075,Nagasaki,GREEN_AREA_PC,14.75,14.81,14.88,14.94,15.01,15.07,15.13,15.19,15.26,15.32,15.38,15.44,15.51,15.57,15.63
277,JP075,Nagasaki,POP_DENS,1411.53,1405.33,1399.2,1393.14,1387.14,1381.21,1375.6,1370.02,1364.48,1358.97,1353.49,1347.94,1342.44,1336.99,1331.58
278,JP077,Kagoshima,GREEN_AREA_PC,12.3,12.29,12.28,12.26,12.25,12.24,12.24,12.24,12.23,12.23,12.23,12.22,12.21,12.21,12.2
279,JP077,Kagoshima,POP_DENS,915.3,916.18,917.07,917.96,918.85,919.75,919.92,920.1,920.28,920.46,920.64,921.2,921.76,922.32,922.89
280,JP078,Naha,GREEN_AREA_PC,99.63,98.94,98.25,97.57,96.89,96.22,95.67,95.12,94.58,94.03,93.49,92.89,92.3,91.71,91.12
281,JP078,Naha,POP_DENS,2566.7,2584.6,2602.62,2620.8,2639.12,2657.58,2672.8,2688.16,2703.68,2719.34,2735.16,2752.73,2770.43,2788.27,2806.25
282,JPN,Japan,POP_DENS,339.8,340.78,341.16,341.66,341.84,342.06,342.06,342.06,341.84,341.37,342.82,342.13,341.39,340.79,340.22
283,KOR,Korea,POP_DENS,472.63,476.14,478.8,481.19,483.0,483.99,486.34,488.61,492.14,494.49,496.78,500.49,502.75,504.92,506.97
284,KR004,Seoul Incheon,GREEN_AREA_PC,6.6,6.57,6.54,6.49,6.44,6.38,6.3,6.22,6.13,6.03,5.92,5.79,5.65,5.51,5.34
285,KR004,Seoul Incheon,POP_DENS,4320.1,4339.29,4363.79,4394.02,4430.46,4473.7,4524.43,4583.46,4651.78,4730.52,4821.06,4925.01,5044.31,5181.29,5338.72
286,KR015,Cheongju,GREEN_AREA_PC,100.77,100.13,99.4,98.57,97.65,96.65,95.55,94.36,93.08,91.72,90.27,88.74,87.12,85.43,83.67
287,KR015,Cheongju,POP_DENS,1144.29,1151.64,1160.14,1169.86,1180.84,1193.16,1206.87,1222.07,1238.84,1257.27,1277.46,1299.52,1323.57,1349.75,1378.19
288,KR018,Daejeon,GREEN_AREA_PC,35.05,34.86,34.64,34.39,34.11,33.8,33.46,33.09,32.69,32.27,31.81,31.33,30.81,30.28,29.71
289,KR018,Daejeon,POP_DENS,1427.2,1435.03,1444.16,1454.64,1466.54,1479.93,1494.91,1511.54,1529.95,1550.2,1572.43,1596.74,1623.28,1652.18,1683.57
290,KR022,Pohang,GREEN_AREA_PC,101.52,102.0,102.39,102.7,102.92,103.05,103.08,103.02,102.86,102.61,102.25,101.79,101.23,100.57,99.8
291,KR022,Pohang,POP_DENS,633.07,630.12,627.69,625.8,624.46,623.68,623.47,623.84,624.8,626.37,628.56,631.4,634.9,639.08,643.97
292,KR025,Daegu,GREEN_AREA_PC,33.65,33.78,33.88,33.95,33.99,34.0,33.97,33.91,33.82,33.68,33.51,33.3,33.04,32.73,32.38
293,KR025,Daegu,POP_DENS,2360.29,2351.45,2344.55,2339.67,2336.87,2336.26,2337.94,2342.03,2348.67,2358.02,2370.26,2385.6,2404.29,2426.59,2452.84
294,KR026,Jeonju,GREEN_AREA_PC,45.11,45.11,45.07,44.99,44.87,44.7,44.48,44.21,43.9,43.53,43.11,42.64,42.12,41.55,40.92
295,KR026,Jeonju,POP_DENS,1324.2,1324.16,1325.33,1327.75,1331.48,1336.58,1343.14,1351.23,1360.93,1372.36,1385.62,1400.85,1418.17,1437.75,1459.75
296,KR029,Ulsan,GREEN_AREA_PC,62.4,62.26,62.06,61.8,61.47,61.09,60.64,60.13,59.56,58.93,58.24,57.49,56.68,55.82,54.9
297,KR029,Ulsan,POP_DENS,1311.31,1314.26,1318.52,1324.12,1331.11,1339.53,1349.42,1360.86,1373.89,1388.6,1405.06,1423.36,1443.6,1465.89,1490.35
298,KR032,Busan,GREEN_AREA_PC,8.51,8.59,8.67,8.74,8.81,8.87,8.93,8.98,9.02,9.06,9.09,9.11,9.13,9.13,9.13
299,KR032,Busan,POP_DENS,5081.01,5032.79,4987.91,4946.41,4908.33,4873.75,4842.73,4815.36,4791.75,4771.99,4756.24,4744.66,4737.4,4734.64,4736.62
300,KR033,Changwon,GREEN_AREA_PC,1.55,1.57,1.59,1.61,1.62,1.64,1.65,1.67,1.68,1.7,1.71,1.73,1.74,1.75,1.76
301,KR033,Changwon,POP_DENS,4977.86,4922.5,4869.21,4818.01,4768.85,4721.71,4676.53,4633.35,4592.13,4552.85,4515.49,4480.06,4446.54,4414.91,4385.2
302,KR035,Gwangju,GREEN_AREA_PC,45.89,45.85,45.75,45.59,45.36,45.06,44.69,44.25,43.74,43.15,42.49,41.75,40.94,40.06,39.11
303,KR035,Gwangju,POP_DENS,2042.06,2043.62,2047.99,2055.29,2065.68,2079.36,2096.54,2117.44,2142.36,2171.58,2205.45,2244.35,2288.73,2339.07,2395.9
304,MEX,Mexico,POP_DENS,49.76,50.33,50.91,51.5,52.1,52.71,53.6,54.51,55.43,56.37,57.34,59.04,59.74,60.43,61.1
305,MEX01,Mexicali,GREEN_AREA_PC,11.05,10.76,10.48,10.21,9.94,9.68,9.43,9.18,8.94,8.7,8.48,8.25,8.04,7.83,7.62
306,MEX01,Mexicali,POP_DENS,45.42,46.65,47.9,49.19,50.52,51.88,53.27,54.71,56.18,57.69,59.24,60.84,62.48,64.16,65.88
307,MEX02,Tijuana,GREEN_AREA_PC,1.75,1.69,1.64,1.58,1.53,1.47,1.42,1.37,1.33,1.28,1.24,1.2,1.15,1.11,1.08
308,MEX02,Tijuana,POP_DENS,878.75,909.95,942.25,975.71,1010.35,1046.22,1083.37,1121.83,1161.66,1202.91,1245.61,1289.84,1335.63,1383.06,1432.16
309,MEX05,Juárez,GREEN_AREA_PC,0.0,0.0,0.0,0.0,0.0,0.0,0.0,0.0,0.0,0.0,0.0,0.0,0.0,0.0,0.0
310,MEX05,Juárez,POP_DENS,318.63,323.63,328.71,333.88,339.12,344.44,349.85,355.34,360.92,366.59,372.35,378.19,384.13,390.16,396.29
311,MEX08,Hermosillo,GREEN_AREA_PC,37.91,36.95,36.0,35.09,34.19,33.32,32.47,31.64,30.84,30.05,29.29,28.54,27.81,27.1,26.41
312,MEX08,Hermosillo,POP_DENS,35.79,36.73,37.69,38.68,39.69,40.73,41.79,42.88,44.01,45.16,46.34,47.55,48.79,50.07,51.38
313,MEX10,Chihuahua,GREEN_AREA_PC,2.88,2.82,2.76,2.7,2.64,2.59,2.53,2.48,2.43,2.38,2.32,2.28,2.23,2.18,2.13
314,MEX10,Chihuahua,POP_DENS,75.66,77.29,78.95,80.65,82.39,84.17,85.99,87.85,89.75,91.7,93.69,95.73,97.82,99.95,102.14
315,MEX16,Reynosa,GREEN_AREA_PC,53.04,51.3,49.6,47.96,46.37,44.82,43.33,41.88,40.47,39.11,37.79,36.51,35.28,34.08,32.92
316,MEX16,Reynosa,POP_DENS,110.54,114.31,118.21,122.26,126.46,130.82,135.34,140.02,144.89,149.93,155.16,160.59,166.22,172.06,178.12
317,MEX19,Monterrey,GREEN_AREA_PC,60.38,59.45,58.47,57.43,56.33,55.18,53.96,52.67,51.31,49.89,48.39,46.82,45.17,43.45,41.65
318,MEX19,Monterrey,POP_DENS,302.92,307.67,312.85,318.51,324.71,331.52,339.01,347.29,356.46,366.65,378.0,390.7,404.95,420.99,439.12
319,MEX20,Torreón,GREEN_AREA_PC,68.91,67.59,66.3,65.03,63.78,62.56,61.35,60.18,59.02,57.89,56.77,55.68,54.61,53.56,52.53
320,MEX20,Torreón,POP_DENS,88.97,90.71,92.48,94.29,96.13,98.02,99.93,101.89,103.89,105.92,108.0,110.12,112.28,114.48,116.73
321,MEX21,Saltillo,GREEN_AREA_PC,10.14,9.91,9.67,9.45,9.22,9.01,8.8,8.59,8.39,8.19,8.0,7.81,7.63,7.45,7.27
322,MEX21,Saltillo,POP_DENS,102.79,105.26,107.79,110.38,113.04,115.76,118.54,121.39,124.31,127.3,130.36,133.5,136.71,140.0,143.37
323,MEX22,Culiacán,GREEN_AREA_PC,758.56,747.42,736.44,725.63,714.97,704.47,694.13,683.94,673.89,664.0,654.25,644.64,635.17,625.84,616.65
324,MEX22,Culiacán,POP_DENS,118.7,120.47,122.26,124.09,125.94,127.81,129.72,131.65,133.61,135.6,137.62,139.68,141.76,143.87,146.01
325,MEX24,Durango,GREEN_AREA_PC,262.78,258.07,253.45,248.91,244.46,240.08,235.78,231.56,227.42,223.35,219.35,215.42,211.57,207.78,204.06
326,MEX24,Durango,POP_DENS,52.92,53.88,54.86,55.86,56.88,57.92,58.97,60.05,61.14,62.26,63.39,64.55,65.72,66.92,68.14
327,MEX28,Tampico,GREEN_AREA_PC,494.79,487.89,480.91,473.86,466.73,459.52,452.24,444.9,437.49,430.02,422.49,414.9,407.27,399.59,391.87
328,MEX28,Tampico,POP_DENS,311.18,315.58,320.15,324.92,329.89,335.06,340.45,346.07,351.93,358.05,364.43,371.09,378.05,385.31,392.91
329,MEX29,San Luis Potosí,GREEN_AREA_PC,38.51,37.76,37.02,36.29,35.58,34.87,34.18,33.49,32.82,32.15,31.5,30.86,30.22,29.59,28.98
330,MEX29,San Luis Potosí,POP_DENS,184.92,188.58,192.34,196.19,200.13,204.18,208.33,212.59,216.96,221.45,226.05,230.77,235.62,240.6,245.72
331,MEX31,Aguascalientes,GREEN_AREA_PC,290.7,283.5,276.46,269.58,262.84,256.26,249.82,243.52,237.36,231.33,225.44,219.68,214.05,208.54,203.16
332,MEX31,Aguascalientes,POP_DENS,319.6,327.72,336.06,344.65,353.48,362.56,371.91,381.53,391.43,401.62,412.12,422.92,434.05,445.51,457.32
333,MEX33,Benito Juárez,GREEN_AREA_PC,318.17,303.58,289.67,276.39,263.73,251.64,240.11,229.1,218.6,208.58,199.02,189.9,181.2,172.89,164.97
334,MEX33,Benito Juárez,POP_DENS,197.9,207.4,217.36,227.81,238.75,250.21,262.23,274.83,288.03,301.86,316.36,331.56,347.49,364.18,381.67
335,MEX34,León,GREEN_AREA_PC,159.61,155.73,151.95,148.26,144.67,141.15,137.73,134.38,131.12,127.94,124.83,121.8,118.85,115.96,113.15
336,MEX34,León,POP_DENS,721.74,739.69,758.09,776.95,796.28,816.09,836.39,857.2,878.53,900.38,922.79,945.74,969.27,993.39,1018.1
337,MEX35,Mérida,GREEN_AREA_PC,1202.88,1182.03,1161.39,1140.96,1120.74,1100.72,1080.9,1061.27,1041.83,1022.57,1003.48,984.58,965.84,947.26,928.85
338,MEX35,Mérida,POP_DENS,87.86,89.41,91.0,92.63,94.3,96.01,97.78,99.58,101.44,103.35,105.32,107.34,109.42,111.57,113.78
339,MEX37,Guadalajara,GREEN_AREA_PC,146.83,144.69,142.47,140.17,137.79,135.32,132.76,130.11,127.37,124.55,121.63,118.62,115.52,112.33,109.05
340,MEX37,Guadalajara,POP_DENS,1470.0,1491.69,1514.9,1539.76,1566.41,1595.02,1625.76,1658.84,1694.49,1732.97,1774.56,1819.59,1868.42,1921.45,1979.15
341,MEX38,Irapuato,GREEN_AREA_PC,268.49,263.27,258.14,253.11,248.18,243.35,238.61,233.96,229.4,224.93,220.55,216.26,212.05,207.92,203.87
342,MEX38,Irapuato,POP_DENS,515.38,525.61,536.05,546.7,557.56,568.64,579.93,591.45,603.2,615.18,627.4,639.87,652.58,665.54,678.76
343,MEX40,Querétaro,GREEN_AREA_PC,465.44,451.82,438.51,425.51,412.8,400.4,388.28,376.45,364.9,353.62,342.61,331.86,321.37,311.13,301.15
344,MEX40,Querétaro,POP_DENS,335.77,345.89,356.39,367.28,378.58,390.31,402.49,415.14,428.28,441.94,456.15,470.92,486.29,502.29,518.95
345,MEX42,Celaya,GREEN_AREA_PC,370.33,362.77,355.37,348.12,341.01,334.05,327.23,320.54,313.99,307.58,301.29,295.13,289.09,283.18,277.39
346,MEX42,Celaya,POP_DENS,422.08,430.87,439.84,449.01,458.36,467.91,477.67,487.63,497.8,508.19,518.79,529.62,540.68,551.97,563.5
347,MEX46,Pachuca de Soto,GREEN_AREA_PC,343.79,335.18,326.44,317.57,308.58,299.46,290.21,280.85,271.38,261.82,252.16,242.44,232.66,222.85,213.04
348,MEX46,Pachuca de Soto,POP_DENS,251.43,257.89,264.79,272.18,280.12,288.65,297.84,307.77,318.51,330.15,342.79,356.54,371.52,387.87,405.74
349,MEX50,Morelia,GREEN_AREA_PC,252.46,247.53,242.65,237.83,233.06,228.34,223.68,219.06,214.5,209.98,205.51,201.08,196.7,192.37,188.08
350,MEX50,Morelia,POP_DENS,355.91,363.0,370.3,377.81,385.54,393.5,401.71,410.17,418.9,427.91,437.22,446.84,456.79,467.09,477.74
351,MEX51,Mexico City,GREEN_AREA_PC,31.36,31.05,30.73,30.41,30.08,29.74,29.4,29.05,28.69,28.32,27.95,27.57,27.18,26.78,26.37
352,MEX51,Mexico City,POP_DENS,3364.12,3397.6,3432.51,3468.94,3506.97,3546.68,3588.19,3631.6,3677.03,3724.59,3774.43,3826.68,3881.5,3939.05,3999.52
353,MEX52,Xalapa,GREEN_AREA_PC,589.92,578.64,567.56,556.68,545.99,535.48,525.17,515.04,505.08,495.31,485.71,476.27,467.01,457.91,448.98
354,MEX52,Xalapa,POP_DENS,457.54,466.45,475.56,484.86,494.35,504.05,513.95,524.06,534.39,544.93,555.71,566.71,577.95,589.44,601.17
355,MEX55,Toluca,GREEN_AREA_PC,290.88,283.04,275.39,267.93,260.65,253.56,246.64,239.89,233.31,226.89,220.63,214.53,208.58,202.78,197.12
356,MEX55,Toluca,POP_DENS,670.31,688.87,708.0,727.72,748.03,768.96,790.53,812.77,835.7,859.34,883.72,908.86,934.78,961.53,989.13
357,MEX59,Veracruz,GREEN_AREA_PC,670.77,658.99,647.33,635.8,624.41,613.14,601.99,590.97,580.08,569.31,558.67,548.15,537.76,527.48,517.33
358,MEX59,Veracruz,POP_DENS,616.63,627.66,638.96,650.54,662.42,674.6,687.08,699.89,713.03,726.52,740.36,754.57,769.15,784.13,799.52
359,MEX60,Puebla,GREEN_AREA_PC,148.18,145.05,141.97,138.93,135.94,133.0,130.1,127.24,124.42,121.65,118.92,116.23,113.58,110.97,108.4
360,MEX60,Puebla,POP_DENS,1275.52,1303.05,1331.35,1360.45,1390.38,1421.18,1452.87,1485.51,1519.11,1553.73,1589.4,1626.17,1664.1,1703.21,1743.58
361,MEX61,Cuernavaca,GREEN_AREA_PC,229.71,225.47,221.29,217.17,213.1,209.1,205.14,201.25,197.41,193.62,189.89,186.21,182.59,179.01,175.49
362,MEX61,Cuernavaca,POP_DENS,764.7,779.07,793.79,808.85,824.28,840.08,856.26,872.84,889.82,907.22,925.05,943.32,962.05,981.25,1000.94
363,MEX70,Centro,GREEN_AREA_PC,793.32,775.46,757.97,740.86,724.11,707.72,691.67,675.97,660.6,645.56,630.85,616.45,602.35,588.56,575.07
364,MEX70,Centro,POP_DENS,216.85,221.84,226.96,232.2,237.57,243.07,248.71,254.49,260.41,266.48,272.69,279.06,285.59,292.28,299.14
365,MEX73,Oaxaca de Juárez,GREEN_AREA_PC,328.06,321.75,315.44,309.12,302.79,296.46,290.13,283.8,277.49,271.18,264.89,258.62,252.37,246.15,239.96
366,MEX73,Oaxaca de Juárez,POP_DENS,345.95,352.73,359.79,367.15,374.83,382.83,391.18,399.9,409.0,418.51,428.45,438.84,449.71,461.07,472.97
367,MEX74,Acapulco de Juárez,GREEN_AREA_PC,815.56,806.04,796.64,787.34,778.16,769.08,760.1,751.23,742.47,733.8,725.24,716.78,708.42,700.15,691.98
368,MEX74,Acapulco de Juárez,POP_DENS,405.76,410.55,415.39,420.3,425.26,430.28,435.36,440.5,445.7,450.96,456.29,461.67,467.12,472.64,478.22
369,MEX75,Tuxtla Gutiérrez,GREEN_AREA_PC,1506.55,1465.16,1424.87,1385.65,1347.47,1310.32,1274.16,1238.96,1204.7,1171.37,1138.92,1107.34,1076.61,1046.71,1017.6
370,MEX75,Tuxtla Gutiérrez,POP_DENS,257.5,264.77,272.26,279.97,287.9,296.06,304.46,313.11,322.02,331.18,340.62,350.33,360.33,370.62,381.22
371,NL001,The Hague,GREEN_AREA_PC,23.42,23.22,23.02,22.82,22.62,22.42,22.22,22.02,21.82,21.61,21.41,21.21,21.0,20.8,20.59
372,NL001,The Hague,POP_DENS,2685.92,2708.82,2732.22,2756.12,2780.54,2805.48,2830.94,2856.95,2883.5,2910.61,2938.29,2966.54,2995.38,3024.82,3054.86
373,NL002,Amsterdam,GREEN_AREA_PC,235.63,233.57,231.51,229.46,227.41,225.37,223.33,221.29,219.26,217.23,215.21,213.19,211.18,209.17,207.16
374,NL002,Amsterdam,POP_DENS,764.71,771.45,778.3,785.26,792.34,799.53,806.83,814.25,821.8,829.47,837.27,845.19,853.26,861.45,869.79
375,NL003,Rotterdam,GREEN_AREA_PC,74.2,74.0,73.79,73.57,73.35,73.12,72.88,72.64,72.38,72.12,71.85,71.57,71.28,70.99,70.68
376,NL003,Rotterdam,POP_DENS,971.52,974.17,976.92,979.78,982.76,985.85,989.07,992.41,995.89,999.5,1003.26,1007.18,1011.24,1015.46,1019.85
377,NL004,Utrecht,GREEN_AREA_PC,264.58,261.55,258.52,255.51,252.49,249.48,246.48,243.48,240.49,237.51,234.53,231.57,228.61,225.67,222.73
378,NL004,Utrecht,POP_DENS,1020.24,1032.05,1044.12,1056.46,1069.08,1081.97,1095.16,1108.64,1122.42,1136.52,1150.93,1165.66,1180.73,1196.14,1211.9
379,NL005,Eindhoven,GREEN_AREA_PC,874.28,870.92,867.56,864.19,860.81,857.44,854.07,850.69,847.31,843.93,840.54,837.16,833.78,830.39,827.0
380,NL005,Eindhoven,POP_DENS,552.17,554.3,556.45,558.62,560.81,563.02,565.24,567.49,569.75,572.03,574.33,576.66,579.0,581.36,583.74
381,NLD,The Netherlands,POP_DENS,468.33,471.97,475.46,479.31,481.24,482.65,483.5,484.59,486.0,488.38,491.02,493.41,496.18,497.64,499.12
382,NO001,Oslo,GREEN_AREA_PC,355.87,350.71,345.63,340.61,335.66,330.78,325.95,321.2,316.5,311.87,307.31,302.8,298.35,293.96,289.63
383,NO001,Oslo,POP_DENS,149.03,151.22,153.45,155.71,158.0,160.34,162.71,165.12,167.57,170.06,172.58,175.15,177.76,180.42,183.11
384,NOR,Norway,POP_DENS,14.62,14.71,14.77,14.86,15.04,15.14,15.25,15.38,15.51,15.71,15.9,16.11,16.39,16.6,16.79
385,PL001,Warsaw,GREEN_AREA_PC,1086.13,1081.97,1077.74,1073.45,1069.1,1064.69,1060.23,1055.7,1051.11,1046.46,1041.76,1036.99,1032.16,1027.27,1022.32
386,PL001,Warsaw,POP_DENS,332.03,333.31,334.62,335.96,337.32,338.72,340.15,341.61,343.1,344.62,346.18,347.77,349.4,351.06,352.76
387,PL002,Lódz,GREEN_AREA_PC,395.24,397.1,398.96,400.82,402.68,404.53,406.38,408.23,410.08,411.92,413.76,415.59,417.42,419.24,421.06
388,PL002,Lódz,POP_DENS,591.0,588.22,585.48,582.76,580.08,577.42,574.79,572.18,569.61,567.06,564.54,562.05,559.59,557.16,554.75
389,PL003,Kraków,GREEN_AREA_PC,742.53,741.24,739.95,738.63,737.3,735.96,734.6,733.23,731.84,730.43,729.01,727.57,726.12,724.66,723.17
390,PL003,Kraków,POP_DENS,354.01,354.63,355.25,355.88,356.52,357.17,357.83,358.51,359.19,359.88,360.58,361.29,362.01,362.75,363.49
391,PL004,Wroclaw,GREEN_AREA_PC,608.18,607.57,606.93,606.27,605.59,604.88,604.14,603.38,602.6,601.79,600.96,600.1,599.21,598.3,597.36
392,PL004,Wroclaw,POP_DENS,312.34,312.65,312.98,313.32,313.68,314.04,314.43,314.82,315.23,315.65,316.09,316.54,317.01,317.5,318.0
393,PL005,Poznan,GREEN_AREA_PC,378.52,377.57,376.57,375.52,374.41,373.24,372.03,370.75,369.42,368.02,366.57,365.06,363.49,361.86,360.17
394,PL005,Poznan,POP_DENS,293.96,294.7,295.48,296.31,297.19,298.11,299.09,300.12,301.2,302.34,303.54,304.79,306.11,307.49,308.93
395,PL006,Gdansk,GREEN_AREA_PC,696.98,695.5,693.97,692.39,690.76,689.07,687.34,685.54,683.7,681.8,679.85,677.84,675.77,673.65,671.47
396,PL006,Gdansk,POP_DENS,407.16,408.03,408.93,409.86,410.83,411.84,412.88,413.96,415.07,416.23,417.42,418.66,419.94,421.26,422.63
397,PL009,Lublin,GREEN_AREA_PC,486.93,487.09,487.25,487.38,487.5,487.59,487.67,487.73,487.77,487.79,487.79,487.76,487.72,487.65,487.56
398,PL009,Lublin,POP_DENS,208.65,208.58,208.51,208.45,208.4,208.36,208.33,208.3,208.29,208.28,208.28,208.29,208.31,208.34,208.38
399,PL010,Katowice,GREEN_AREA_PC,319.72,320.95,322.18,323.42,324.65,325.89,327.13,328.36,329.61,330.85,332.09,333.33,334.58,335.83,337.07
400,PL010,Katowice,POP_DENS,696.35,693.68,691.02,688.39,685.77,683.16,680.58,678.01,675.46,672.92,670.4,667.9,665.42,662.95,660.49
401,POL,Poland,POP_DENS,122.37,122.34,122.3,122.23,122.14,122.09,122.03,121.93,121.9,121.96,122.07,123.22,123.25,123.24,121.59
402,PRT,Portugal,POP_DENS,111.25,112.4,113.05,113.59,113.84,113.93,114.11,114.34,114.6,114.7,114.66,114.66,114.33,113.73,113.08
403,PT001,Lisbon,GREEN_AREA_PC,69.57,69.25,68.9,68.55,68.17,67.78,67.38,66.96,66.52,66.07,65.6,65.12,64.62,64.11,63.58
404,PT001,Lisbon,POP_DENS,661.46,664.56,667.85,671.33,675.01,678.89,682.96,687.26,691.76,696.49,701.45,706.65,712.1,717.8,723.78
405,PT002,Porto,GREEN_AREA_PC,68.29,68.19,68.09,67.98,67.86,67.74,67.61,67.47,67.33,67.18,67.02,66.86,66.69,66.52,66.33
406,PT002,Porto,POP_DENS,1341.2,1343.08,1345.11,1347.28,1349.59,1352.05,1354.64,1357.39,1360.29,1363.32,1366.51,1369.84,1373.32,1376.96,1380.74
407,SE001,Stockholm,GREEN_AREA_PC,125.87,125.04,124.22,123.39,122.58,121.77,120.96,120.15,119.36,118.56,117.77,116.99,116.21,115.43,114.66
408,SE001,Stockholm,POP_DENS,258.68,260.39,262.13,263.87,265.63,267.4,269.19,270.99,272.8,274.63,276.47,278.32,280.2,282.08,283.98
409,SE002,Gothenburg,GREEN_AREA_PC,317.78,315.89,314.01,312.13,310.27,308.42,306.57,304.74,302.92,301.1,299.3,297.5,295.71,293.94,292.17
410,SE002,Gothenburg,POP_DENS,214.57,215.85,217.15,218.45,219.76,221.08,222.41,223.75,225.1,226.45,227.82,229.19,230.58,231.97,233.38
411,SE003,Malmö,GREEN_AREA_PC,936.23,929.25,922.32,915.44,908.61,901.83,895.1,888.42,881.78,875.2,868.65,862.16,855.72,849.32,842.97
412,SE003,Malmö,POP_DENS,175.7,177.02,178.35,179.69,181.04,182.4,183.77,185.16,186.55,187.95,189.37,190.79,192.23,193.68,195.14
413,SI001,Ljubljana,GREEN_AREA_PC,1031.99,1023.93,1015.91,1007.93,999.98,992.08,984.22,976.39,968.6,960.84,953.12,945.43,937.78,930.18,922.61
414,SI001,Ljubljana,POP_DENS,166.54,167.85,169.17,170.51,171.86,173.23,174.62,176.02,177.43,178.87,180.32,181.78,183.26,184.76,186.28
415,SK001,Bratislava,GREEN_AREA_PC,471.54,469.86,468.15,466.39,464.6,462.77,460.9,459.0,457.05,455.07,453.05,450.98,448.87,446.72,444.53
416,SK001,Bratislava,POP_DENS,264.31,265.26,266.23,267.24,268.26,269.33,270.42,271.54,272.7,273.88,275.11,276.37,277.66,279.0,280.37
417,SVK,Slovak Republic,POP_DENS,110.1,109.69,109.7,109.7,109.72,109.82,109.91,110.0,110.15,110.37,110.63,110.84,110.21,110.34,110.45
418,SVN,Slovenia,POP_DENS,98.69,98.81,99.0,99.05,99.12,99.18,99.47,99.82,99.82,100.92,101.65,101.81,102.07,102.24,102.35
419,SWE,Sweden,POP_DENS,21.6,21.65,21.71,21.79,21.87,21.96,22.05,22.21,22.38,22.56,22.76,22.95,23.28,23.46,23.68
420,UK001,London,GREEN_AREA_PC,41.56,41.09,40.63,40.17,39.71,39.25,38.79,38.33,37.88,37.42,36.97,36.51,36.06,35.61,35.16
421,UK001,London,POP_DENS,1515.88,1532.96,1550.39,1568.19,1586.36,1604.92,1623.89,1643.27,1663.08,1683.34,1704.05,1725.24,1746.93,1769.13,1791.85
422,UK002,Birmingham (UK),GREEN_AREA_PC,155.35,154.3,153.22,152.11,150.98,149.82,148.64,147.43,146.2,144.94,143.66,142.36,141.03,139.68,138.31
423,UK002,Birmingham (UK),POP_DENS,1198.27,1206.42,1214.91,1223.73,1232.91,1242.43,1252.32,1262.59,1273.25,1284.29,1295.75,1307.62,1319.92,1332.66,1345.87
424,UK003,Leeds,GREEN_AREA_PC,184.99,184.5,183.95,183.33,182.64,181.89,181.08,180.21,179.28,178.29,177.25,176.15,175.0,173.81,172.56
425,UK003,Leeds,POP_DENS,647.43,649.14,651.09,653.3,655.75,658.46,661.41,664.6,668.05,671.75,675.71,679.9,684.36,689.07,694.05
426,UK004,Bradford,GREEN_AREA_PC,168.32,167.34,166.21,164.93,163.51,161.95,160.25,158.43,156.47,154.39,152.2,149.9,147.48,144.97,142.37
427,UK004,Bradford,POP_DENS,1101.01,1107.47,1115.01,1123.64,1133.4,1144.32,1156.43,1169.77,1184.38,1200.32,1217.62,1236.34,1256.55,1278.32,1301.7
428,UK005,Liverpool,GREEN_AREA_PC,63.05,63.19,63.29,63.35,63.35,63.31,63.23,63.09,62.91,62.67,62.39,62.05,61.67,61.23,60.74
429,UK005,Liverpool,POP_DENS,1651.32,1647.59,1645.02,1643.64,1643.45,1644.49,1646.77,1650.31,1655.14,1661.33,1668.91,1677.92,1688.41,1700.46,1714.12
430,UK006,Manchester,GREEN_AREA_PC,154.17,153.28,152.32,151.27,150.15,148.96,147.68,146.34,144.92,143.43,141.87,140.24,138.55,136.79,134.97
431,UK006,Manchester,POP_DENS,1180.8,1187.64,1195.18,1203.43,1212.42,1222.16,1232.68,1244.01,1256.18,1269.24,1283.18,1298.08,1313.95,1330.85,1348.81
432,UK007,Cardiff,GREEN_AREA_PC,181.86,180.74,179.57,178.37,177.12,175.83,174.51,173.16,171.76,170.34,168.88,167.38,165.86,164.31,162.72
433,UK007,Cardiff,POP_DENS,807.32,812.34,817.61,823.14,828.93,835.0,841.31,847.91,854.79,861.95,869.4,877.15,885.2,893.58,902.28
434,UK008,Sheffield,GREEN_AREA_PC,285.85,285.49,284.9,284.08,283.03,281.75,280.24,278.5,276.52,274.33,271.91,269.27,266.43,263.37,260.12
435,UK008,Sheffield,POP_DENS,754.42,755.37,756.92,759.1,761.92,765.39,769.52,774.34,779.86,786.1,793.09,800.85,809.41,818.79,829.03
436,UK009,Bristol,GREEN_AREA_PC,132.84,131.69,130.52,129.31,128.08,126.82,125.53,124.21,122.86,121.49,120.08,118.65,117.19,115.7,114.18
437,UK009,Bristol,POP_DENS,890.7,898.46,906.56,915.01,923.82,933.01,942.61,952.61,963.06,973.96,985.35,997.25,1009.7,1022.7,1036.31
438,UK010,Newcastle,GREEN_AREA_PC,168.41,168.18,167.87,167.47,166.98,166.4,165.74,164.99,164.16,163.24,162.24,161.15,159.99,158.74,157.42
439,UK010,Newcastle,POP_DENS,352.25,352.73,353.39,354.24,355.28,356.5,357.93,359.55,361.38,363.41,365.66,368.12,370.8,373.71,376.85
440,UK011,Leicester,GREEN_AREA_PC,347.03,343.58,340.12,336.66,333.18,329.7,326.21,322.71,319.21,315.69,312.17,308.64,305.1,301.56,298.01
441,UK011,Leicester,POP_DENS,540.79,546.22,551.77,557.45,563.26,569.21,575.3,581.54,587.92,594.47,601.18,608.05,615.1,622.33,629.75
442,UK017,Portsmouth,GREEN_AREA_PC,97.66,97.08,96.48,95.88,95.27,94.66,94.04,93.41,92.77,92.14,91.49,90.83,90.17,89.51,88.83
443,UK017,Portsmouth,POP_DENS,1261.52,1269.16,1276.99,1285.01,1293.22,1301.6,1310.2,1319.0,1328.01,1337.23,1346.69,1356.38,1366.32,1376.52,1386.97
444,UK023,Nottingham,GREEN_AREA_PC,288.73,286.87,284.97,283.04,281.08,279.09,277.07,275.02,272.94,270.83,268.7,266.54,264.35,262.14,259.9
445,UK023,Nottingham,POP_DENS,700.12,704.67,709.36,714.21,719.19,724.32,729.6,735.04,740.64,746.4,752.31,758.41,764.69,771.15,777.79
446,UK097,Glasgow,GREEN_AREA_PC,107.8,107.77,107.69,107.58,107.42,107.21,106.96,106.67,106.34,105.96,105.54,105.08,104.57,104.02,103.43
447,UK097,Glasgow,POP_DENS,1084.26,1084.56,1085.31,1086.5,1088.12,1090.19,1092.7,1095.7,1099.15,1103.07,1107.46,1112.35,1117.72,1123.61,1130.0
448,UK098,Edinburgh,GREEN_AREA_PC,231.95,230.84,229.59,228.21,226.68,225.02,223.23,221.3,219.25,217.07,214.77,212.35,209.82,207.17,204.42
449,UK098,Edinburgh,POP_DENS,526.53,529.06,531.93,535.16,538.76,542.73,547.09,551.85,557.01,562.61,568.64,575.12,582.06,589.49,597.42
450,US003,Seattle,GREEN_AREA_PC,117.45,116.04,114.65,113.27,111.91,110.56,109.23,107.92,106.62,105.33,104.06,102.81,101.57,100.34,99.13
451,US003,Seattle,POP_DENS,209.71,212.25,214.83,217.45,220.09,222.77,225.48,228.23,231.01,233.83,236.68,239.57,242.5,245.46,248.47
452,US012,Portland,GREEN_AREA_PC,500.16,493.06,486.05,479.13,472.3,465.56,458.91,452.35,445.87,439.48,433.17,426.95,420.81,414.75,408.76
453,US012,Portland,POP_DENS,109.18,110.76,112.35,113.98,115.62,117.3,119.0,120.72,122.48,124.26,126.07,127.91,129.77,131.67,133.6
454,US014,Minneapolis,GREEN_AREA_PC,3243.19,3212.69,3182.14,3151.55,3120.91,3090.22,3059.49,3028.73,2997.93,2967.11,2936.25,2905.37,2874.47,2843.55,2812.62
455,US014,Minneapolis,POP_DENS,144.17,145.53,146.93,148.36,149.81,151.3,152.82,154.37,155.96,157.58,159.24,160.93,162.66,164.43,166.23
456,US033,Milwaukee,GREEN_AREA_PC,1649.77,1643.93,1638.09,1632.24,1626.39,1620.55,1614.69,1608.84,1602.99,1597.13,1591.27,1585.41,1579.55,1573.69,1567.82
457,US033,Milwaukee,POP_DENS,388.22,389.59,390.98,392.38,393.79,395.22,396.65,398.09,399.55,401.01,402.49,403.97,405.47,406.98,408.51
458,US035,Madison,GREEN_AREA_PC,5633.18,5561.09,5489.91,5419.63,5350.23,5281.69,5214.03,5147.22,5081.25,5016.11,4951.79,4888.28,4825.58,4763.67,4702.53
459,US035,Madison,POP_DENS,90.92,92.1,93.3,94.51,95.73,96.97,98.23,99.51,100.8,102.11,103.44,104.78,106.14,107.52,108.92
460,US038,Buffalo,GREEN_AREA_PC,2257.0,2263.8,2270.61,2277.43,2284.28,2291.15,2298.04,2304.94,2311.87,2318.82,2325.78,2332.77,2339.77,2346.8,2353.84
461,US038,Buffalo,POP_DENS,284.59,283.74,282.89,282.04,281.2,280.35,279.51,278.67,277.84,277.01,276.18,275.35,274.53,273.7,272.88
462,US039,Grand Rapids,GREEN_AREA_PC,2940.3,2926.2,2912.17,2898.2,2884.3,2870.46,2856.7,2843.0,2829.36,2815.79,2802.29,2788.85,2775.47,2762.16,2748.92
463,US039,Grand Rapids,POP_DENS,254.25,255.47,256.7,257.94,259.18,260.43,261.69,262.95,264.22,265.49,266.77,268.05,269.35,270.64,271.95
464,US044,Albany,GREEN_AREA_PC,1939.5,1929.32,1919.18,1909.08,1899.03,1889.03,1879.06,1869.14,1859.26,1849.42,1839.63,1829.88,1820.17,1810.5,1800.88
465,US044,Albany,POP_DENS,110.79,111.37,111.96,112.55,113.15,113.75,114.35,114.96,115.57,116.18,116.8,117.42,118.05,118.68,119.32
466,US045,Detroit,GREEN_AREA_PC,518.61,521.12,523.61,526.08,528.53,530.95,533.35,535.73,538.08,540.41,542.71,544.99,547.25,549.47,551.67
467,US045,Detroit,POP_DENS,771.0,767.29,763.64,760.06,756.54,753.09,749.7,746.37,743.11,739.91,736.76,733.68,730.66,727.7,724.8
468,US048,Boston,GREEN_AREA_PC,89.84,89.57,89.29,89.02,88.75,88.47,88.2,87.93,87.66,87.39,87.12,86.85,86.59,86.32,86.06
469,US048,Boston,POP_DENS,730.64,732.89,735.15,737.41,739.68,741.96,744.24,746.54,748.84,751.15,753.46,755.78,758.12,760.45,762.8
470,US055,Chicago,GREEN_AREA_PC,436.45,435.03,433.56,432.03,430.45,428.81,427.11,425.36,423.54,421.66,419.72,417.71,415.63,413.49,411.29
471,US055,Chicago,POP_DENS,481.13,482.69,484.33,486.05,487.83,489.7,491.64,493.68,495.8,498.01,500.31,502.71,505.22,507.84,510.56
472,US060,Providence,GREEN_AREA_PC,123.53,123.48,123.43,123.38,123.33,123.28,123.23,123.18,123.13,123.08,123.03,122.98,122.93,122.88,122.84
473,US060,Providence,POP_DENS,504.07,504.27,504.47,504.67,504.87,505.08,505.28,505.48,505.68,505.89,506.09,506.29,506.5,506.7,506.91
474,US065,Toledo (US),GREEN_AREA_PC,556.16,557.8,559.45,561.11,562.77,564.43,566.1,567.77,569.45,571.14,572.82,574.52,576.22,577.92,579.63
475,US065,Toledo (US),POP_DENS,500.75,499.28,497.8,496.34,494.87,493.42,491.96,490.51,489.06,487.62,486.18,484.75,483.32,481.9,480.48
476,US069,Cleveland,GREEN_AREA_PC,473.27,476.67,480.1,483.54,487.0,490.48,493.97,497.49,501.03,504.59,508.16,511.75,515.37,519.0,522.65
477,US069,Cleveland,POP_DENS,905.8,899.34,892.93,886.57,880.27,874.03,867.84,861.7,855.62,849.59,843.61,837.69,831.82,825.99,820.22
478,US070,Des Moines,GREEN_AREA_PC,5888.58,5797.73,5707.66,5618.39,5529.86,5442.12,5355.11,5268.85,5183.34,5098.57,5014.52,4931.2,4848.59,4766.7,4685.52
479,US070,Des Moines,POP_DENS,56.92,57.81,58.73,59.66,60.61,61.59,62.59,63.62,64.67,65.74,66.84,67.97,69.13,70.32,71.54
480,US077,Omaha,GREEN_AREA_PC,832.84,823.04,813.31,803.66,794.08,784.58,775.16,765.81,756.54,747.35,738.23,729.18,720.21,711.31,702.49
481,US077,Omaha,POP_DENS,67.22,68.02,68.83,69.66,70.5,71.35,72.22,73.1,73.99,74.9,75.83,76.77,77.73,78.7,79.69
482,US081,Akron,GREEN_AREA_PC,1283.45,1283.71,1283.98,1284.24,1284.5,1284.77,1285.04,1285.3,1285.57,1285.83,1286.1,1286.36,1286.63,1286.89,1287.16
483,US081,Akron,POP_DENS,499.04,498.94,498.83,498.73,498.63,498.52,498.42,498.32,498.22,498.11,498.01,497.91,497.8,497.7,497.6
484,US084,New York,GREEN_AREA_PC,40.85,40.74,40.64,40.54,40.43,40.33,40.22,40.12,40.01,39.91,39.81,39.7,39.6,39.49,39.39
485,US084,New York,POP_DENS,1630.9,1635.09,1639.3,1643.53,1647.78,1652.05,1656.33,1660.64,1664.97,1669.31,1673.68,1678.07,1682.47,1686.9,1691.35
486,US089,Salt Lake City,GREEN_AREA_PC,649.88,640.35,630.94,621.66,612.51,603.47,594.56,585.76,577.08,568.51,560.06,551.72,543.49,535.37,527.36
487,US089,Salt Lake City,POP_DENS,35.0,35.52,36.05,36.59,37.13,37.69,38.25,38.83,39.41,40.01,40.61,41.22,41.85,42.48,43.13
488,US097,Pittsburgh,GREEN_AREA_PC,588.54,591.28,594.04,596.81,599.59,602.39,605.19,608.01,610.85,613.7,616.56,619.43,622.32,625.22,628.13
489,US097,Pittsburgh,POP_DENS,664.47,661.39,658.32,655.27,652.22,649.2,646.19,643.19,640.2,637.23,634.28,631.33,628.4,625.49,622.59
490,US103,Harrisburg,GREEN_AREA_PC,4107.97,4076.77,4045.78,4015.02,3984.48,3954.16,3924.07,3894.18,3864.52,3835.07,3805.83,3776.81,3747.98,3719.38,3690.98
491,US103,Harrisburg,POP_DENS,99.79,100.56,101.33,102.1,102.88,103.67,104.47,105.27,106.08,106.89,107.71,108.54,109.38,110.22,111.07
492,US106,Philadelphia,GREEN_AREA_PC,386.38,385.42,384.46,383.5,382.54,381.59,380.63,379.67,378.71,377.76,376.8,375.85,374.89,373.94,372.98
493,US106,Philadelphia,POP_DENS,907.13,909.39,911.66,913.93,916.22,918.52,920.83,923.16,925.49,927.83,930.19,932.55,934.93,937.32,939.72
494,US107,Columbus,GREEN_AREA_PC,1941.82,1917.93,1894.15,1870.48,1846.92,1823.45,1800.1,1776.84,1753.69,1730.63,1707.67,1684.81,1662.04,1639.37,1616.79
495,US107,Columbus,POP_DENS,142.79,144.57,146.39,148.24,150.13,152.06,154.04,156.05,158.11,160.22,162.37,164.58,166.83,169.14,171.5
496,US114,Denver,GREEN_AREA_PC,5.81,5.73,5.64,5.55,5.47,5.38,5.3,5.21,5.13,5.05,4.96,4.88,4.8,4.72,4.64
497,US114,Denver,POP_DENS,100.0,101.5,103.05,104.63,106.26,107.94,109.66,111.44,113.26,115.13,117.06,119.05,121.09,123.2,125.37
498,US115,Indianapolis,GREEN_AREA_PC,1196.71,1180.17,1163.63,1147.12,1130.62,1114.15,1097.71,1081.29,1064.91,1048.57,1032.27,1016.01,999.8,983.64,967.54
499,US115,Indianapolis,POP_DENS,206.45,209.35,212.32,215.38,218.52,221.75,225.08,228.49,232.01,235.62,239.34,243.17,247.12,251.18,255.36
500,US117,Dayton,GREEN_AREA_PC,1098.57,1100.32,1102.04,1103.73,1105.39,1107.02,1108.62,1110.18,1111.72,1113.22,1114.69,1116.13,1117.53,1118.91,1120.24
501,US117,Dayton,POP_DENS,309.98,309.49,309.0,308.53,308.07,307.61,307.17,306.74,306.31,305.9,305.5,305.1,304.72,304.35,303.98
502,US122,Baltimore,GREEN_AREA_PC,1036.21,1031.8,1027.35,1022.87,1018.37,1013.83,1009.25,1004.65,1000.03,995.37,990.68,985.97,981.23,976.46,971.67
503,US122,Baltimore,POP_DENS,501.83,503.97,506.15,508.37,510.62,512.91,515.23,517.59,519.98,522.42,524.89,527.4,529.94,532.53,535.16
504,US124,Cincinnati,GREEN_AREA_PC,3165.64,3149.15,3132.33,3115.18,3097.7,3079.88,3061.74,3043.28,3024.5,3005.38,2985.96,2966.23,2946.18,2925.82,2905.16
505,US124,Cincinnati,POP_DENS,184.38,185.34,186.34,187.36,188.42,189.51,190.63,191.79,192.98,194.21,195.47,196.77,198.11,199.49,200.91
506,US125,Washington,GREEN_AREA_PC,1212.58,1195.06,1177.62,1160.25,1142.96,1125.74,1108.6,1091.53,1074.52,1057.59,1040.73,1023.94,1007.22,990.57,973.99
507,US125,Washington,POP_DENS,291.31,295.58,299.96,304.45,309.06,313.79,318.64,323.62,328.74,334.01,339.42,344.98,350.71,356.6,362.67
508,US128,Kansas City,GREEN_AREA_PC,4788.08,4740.04,4692.17,4644.48,4596.98,4549.67,4502.54,4455.62,4408.89,4362.36,4316.05,4269.95,4224.06,4178.4,4132.96
509,US128,Kansas City,POP_DENS,94.85,95.81,96.79,97.79,98.8,99.82,100.87,101.93,103.01,104.11,105.23,106.36,107.52,108.69,109.89
510,US133,Colorado Springs,GREEN_AREA_PC,19.17,18.82,18.48,18.14,17.81,17.49,17.17,16.86,16.56,16.25,15.96,15.67,15.38,15.1,14.83
511,US133,Colorado Springs,POP_DENS,77.19,78.62,80.07,81.55,83.06,84.6,86.16,87.76,89.38,91.03,92.72,94.44,96.18,97.96,99.78
512,US134,Saint Louis (US),GREEN_AREA_PC,1938.47,1931.52,1924.39,1917.09,1909.61,1901.95,1894.12,1886.11,1877.93,1869.58,1861.04,1852.34,1843.46,1834.41,1825.18
513,US134,Saint Louis (US),POP_DENS,189.03,189.71,190.41,191.14,191.88,192.66,193.45,194.27,195.12,195.99,196.89,197.82,198.77,199.75,200.76
514,US135,Sacramento/Roseville,GREEN_AREA_PC,70.24,69.01,67.8,66.6,65.43,64.27,63.12,62.0,60.89,59.8,58.73,57.67,56.63,55.61,54.6
515,US135,Sacramento/Roseville,POP_DENS,130.68,133.02,135.4,137.83,140.31,142.84,145.42,148.06,150.75,153.5,156.3,159.17,162.09,165.08,168.13
516,US141,Louisville,GREEN_AREA_PC,4613.85,4570.06,4526.49,4483.13,4440.02,4397.12,4354.44,4312.0,4269.76,4227.76,4185.96,4144.39,4103.04,4061.91,4020.98
517,US141,Louisville,POP_DENS,118.89,120.03,121.19,122.36,123.55,124.75,125.97,127.21,128.47,129.75,131.05,132.36,133.69,135.05,136.42
518,US146,San Francisco,GREEN_AREA_PC,24.93,24.8,24.68,24.55,24.43,24.31,24.18,24.06,23.94,23.82,23.7,23.58,23.46,23.34,23.22
519,US146,San Francisco,POP_DENS,380.91,382.83,384.77,386.72,388.68,390.65,392.64,394.64,396.65,398.67,400.71,402.76,404.82,406.89,408.98
520,US147,Wichita,GREEN_AREA_PC,45.46,45.06,44.66,44.27,43.88,43.49,43.1,42.72,42.34,41.96,41.59,41.22,40.85,40.49,40.12
521,US147,Wichita,POP_DENS,57.09,57.6,58.11,58.63,59.15,59.68,60.21,60.75,61.29,61.85,62.4,62.96,63.53,64.1,64.68
522,US149,Richmond,GREEN_AREA_PC,233.28,230.88,228.49,226.12,223.77,221.43,219.1,216.8,214.51,212.23,209.98,207.74,205.51,203.3,201.11
523,US149,Richmond,POP_DENS,578.66,584.68,590.79,596.99,603.27,609.64,616.1,622.65,629.3,636.04,642.88,649.82,656.85,663.99,671.23
524,US154,Norfolk-Portsmouth-Chesapeake-Virginia beach,GREEN_AREA_PC,797.93,793.59,789.23,784.85,780.46,776.04,771.61,767.16,762.69,758.2,753.69,749.17,744.63,740.07,735.49
525,US154,Norfolk-Portsmouth-Chesapeake-Virginia beach,POP_DENS,334.89,336.72,338.58,340.47,342.39,344.33,346.31,348.32,350.36,352.44,354.54,356.68,358.86,361.07,363.32
526,US155,Fresno,GREEN_AREA_PC,94.94,93.44,91.96,90.51,89.08,87.68,86.29,84.93,83.58,82.26,80.96,79.68,78.42,77.18,75.96
527,US155,Fresno,POP_DENS,43.59,44.29,45.0,45.72,46.46,47.2,47.96,48.73,49.51,50.31,51.12,51.94,52.77,53.62,54.48
528,US159,Las Vegas,GREEN_AREA_PC,2.29,2.21,2.13,2.06,1.99,1.92,1.86,1.79,1.73,1.67,1.61,1.56,1.51,1.45,1.4
529,US159,Las Vegas,POP_DENS,20.71,21.45,22.21,23.0,23.81,24.65,25.53,26.43,27.37,28.34,29.35,30.39,31.46,32.58,33.74
530,US160,Nashville,GREEN_AREA_PC,5108.66,5026.31,4944.83,4864.25,4784.54,4705.71,4627.74,4550.63,4474.39,4399.0,4324.47,4250.78,4177.93,4105.92,4034.75
531,US160,Nashville,POP_DENS,115.38,117.27,119.2,121.18,123.2,125.26,127.37,129.53,131.74,133.99,136.3,138.67,141.09,143.56,146.09
532,US161,Tulsa,GREEN_AREA_PC,2356.53,2336.81,2317.16,2297.59,2278.11,2258.7,2239.37,2220.13,2200.96,2181.87,2162.86,2143.93,2125.07,2106.3,2087.61
533,US161,Tulsa,POP_DENS,47.71,48.12,48.53,48.94,49.36,49.78,50.21,50.65,51.09,51.53,51.99,52.45,52.91,53.38,53.86
534,US170,Raleigh,GREEN_AREA_PC,2325.22,2245.41,2168.33,2093.87,2021.96,1952.5,1885.41,1820.62,1758.04,1697.59,1639.21,1582.83,1528.38,1475.78,1424.99
535,US170,Raleigh,POP_DENS,143.29,148.38,153.66,159.12,164.78,170.64,176.71,183.0,189.52,196.26,203.25,210.49,217.99,225.76,233.81
536,US174,Oklahoma city,GREEN_AREA_PC,150.3,148.33,146.37,144.43,142.52,140.62,138.74,136.87,135.03,133.21,131.4,129.61,127.84,126.09,124.36
537,US174,Oklahoma city,POP_DENS,75.77,76.78,77.81,78.85,79.91,80.99,82.09,83.2,84.34,85.5,86.67,87.87,89.08,90.32,91.58
538,US178,Charlotte,GREEN_AREA_PC,1073.53,1040.72,1008.87,977.94,947.91,918.76,890.46,862.99,836.32,810.44,785.31,760.91,737.24,714.26,691.96
539,US178,Charlotte,POP_DENS,236.57,244.03,251.73,259.69,267.92,276.42,285.2,294.28,303.67,313.37,323.39,333.76,344.48,355.56,367.02
540,US180,Albuquerque,GREEN_AREA_PC,83.26,81.67,80.1,78.57,77.05,75.57,74.1,72.66,71.24,69.85,68.48,67.13,65.81,64.51,63.22
541,US180,Albuquerque,POP_DENS,30.3,30.89,31.49,32.11,32.74,33.39,34.05,34.72,35.41,36.12,36.84,37.58,38.34,39.11,39.9
542,US181,Memphis,GREEN_AREA_PC,3345.6,3318.4,3290.99,3263.36,3235.52,3207.46,3179.16,3150.65,3121.92,3092.96,3063.78,3034.37,3004.74,2974.89,2944.82
543,US181,Memphis,POP_DENS,91.67,92.43,93.2,93.99,94.79,95.62,96.47,97.35,98.24,99.16,100.11,101.08,102.07,103.1,104.15
544,US186,Little Rock,GREEN_AREA_PC,3227.72,3184.34,3141.23,3098.4,3055.84,3013.57,2971.59,2929.88,2888.48,2847.37,2806.56,2766.05,2725.84,2685.94,2646.35
545,US186,Little Rock,POP_DENS,75.03,76.05,77.09,78.16,79.25,80.36,81.49,82.65,83.84,85.05,86.29,87.55,88.84,90.16,91.51
546,US190,Los Angeles,GREEN_AREA_PC,5.77,5.72,5.68,5.63,5.58,5.53,5.48,5.43,5.38,5.34,5.29,5.24,5.19,5.14,5.09
547,US190,Los Angeles,POP_DENS,186.66,188.22,189.81,191.43,193.09,194.78,196.51,198.27,200.07,201.91,203.79,205.71,207.68,209.69,211.74
548,US195,Columbia,GREEN_AREA_PC,256.38,251.64,246.98,242.41,237.93,233.53,229.21,224.97,220.8,216.72,212.71,208.77,204.91,201.12,197.4
549,US195,Columbia,POP_DENS,135.47,138.02,140.63,143.28,145.98,148.73,151.53,154.39,157.3,160.26,163.28,166.36,169.5,172.69,175.95
550,US196,Atlanta,GREEN_AREA_PC,129.68,127.29,124.92,122.56,120.23,117.92,115.63,113.35,111.1,108.87,106.66,104.47,102.31,100.16,98.04
551,US196,Atlanta,POP_DENS,367.52,374.43,381.54,388.86,396.4,404.18,412.19,420.45,428.97,437.76,446.83,456.19,465.85,475.83,486.13
552,US202,Phoenix,GREEN_AREA_PC,12.51,12.24,11.98,11.72,11.47,11.22,10.98,10.74,10.51,10.29,10.07,9.85,9.64,9.43,9.23
553,US202,Phoenix,POP_DENS,128.6,131.42,134.31,137.26,140.27,143.35,146.49,149.71,152.99,156.35,159.78,163.29,166.88,170.54,174.28
554,US205,Birmingham (US),GREEN_AREA_PC,1270.61,1263.64,1256.52,1249.27,1241.88,1234.34,1226.67,1218.86,1210.91,1202.82,1194.59,1186.22,1177.71,1169.07,1160.29
555,US205,Birmingham (US),POP_DENS,127.96,128.66,129.39,130.14,130.92,131.72,132.54,133.39,134.27,135.17,136.1,137.06,138.05,139.07,140.12
556,US209,Dallas,GREEN_AREA_PC,265.73,260.67,255.63,250.59,245.58,240.59,235.62,230.67,225.75,220.86,216.0,211.17,206.38,201.62,196.9
557,US209,Dallas,POP_DENS,279.2,284.62,290.24,296.07,302.11,308.38,314.89,321.64,328.65,335.93,343.49,351.34,359.5,367.99,376.81
558,US210,San Diego,GREEN_AREA_PC,11.82,11.71,11.6,11.49,11.38,11.27,11.17,11.06,10.96,10.85,10.75,10.65,10.55,10.45,10.35
559,US210,San Diego,POP_DENS,255.14,257.58,260.05,262.54,265.06,267.6,270.16,272.75,275.36,278.0,280.66,283.35,286.07,288.81,291.57
560,US212,Fort Worth,GREEN_AREA_PC,29.51,28.85,28.21,27.57,26.96,26.35,25.76,25.18,24.62,24.07,23.53,23.0,22.49,21.98,21.49
561,US212,Fort Worth,POP_DENS,327.82,335.33,343.01,350.87,358.91,367.14,375.55,384.16,392.97,401.98,411.19,420.62,430.27,440.13,450.23
562,US213,Charleston,GREEN_AREA_PC,551.67,541.41,531.3,521.34,511.54,501.88,492.36,482.99,473.77,464.68,455.73,446.93,438.25,429.72,421.31
563,US213,Charleston,POP_DENS,74.59,76.0,77.44,78.92,80.44,81.98,83.57,85.19,86.85,88.55,90.29,92.06,93.89,95.75,97.66
564,US223,Tucson,GREEN_AREA_PC,1.27,1.25,1.23,1.22,1.2,1.18,1.16,1.15,1.13,1.11,1.09,1.08,1.06,1.05,1.03
565,US223,Tucson,POP_DENS,35.45,35.99,36.53,37.08,37.64,38.21,38.79,39.38,39.97,40.57,41.19,41.81,42.44,43.08,43.73
566,US227,El Paso,GREEN_AREA_PC,4.4,4.33,4.26,4.19,4.12,4.06,3.99,3.92,3.86,3.8,3.74,3.68,3.62,3.56,3.5
567,US227,El Paso,POP_DENS,47.21,47.98,48.77,49.58,50.39,51.22,52.07,52.92,53.79,54.68,55.58,56.5,57.43,58.37,59.33
568,US233,Baton Rouge,GREEN_AREA_PC,934.09,924.76,915.42,906.07,896.72,887.36,878.0,868.63,859.25,849.88,840.5,831.11,821.73,812.35,802.96
569,US233,Baton Rouge,POP_DENS,90.23,91.14,92.07,93.02,93.99,94.98,95.99,97.03,98.09,99.17,100.27,101.41,102.56,103.75,104.96
570,US234,Austin,GREEN_AREA_PC,221.4,214.65,208.07,201.66,195.41,189.33,183.4,177.63,172.01,166.54,161.22,156.03,150.99,146.08,141.31
571,US234,Austin,POP_DENS,112.75,116.3,119.97,123.79,127.74,131.85,136.11,140.53,145.12,149.89,154.84,159.98,165.33,170.88,176.65
572,US237,Jacksonville,GREEN_AREA_PC,193.68,190.32,187.0,183.71,180.45,177.23,174.04,170.88,167.75,164.66,161.6,158.57,155.58,152.62,149.69
573,US237,Jacksonville,POP_DENS,126.56,128.79,131.08,133.42,135.83,138.3,140.84,143.44,146.11,148.86,151.68,154.57,157.54,160.6,163.74
574,US241,New Orleans,GREEN_AREA_PC,178.6,181.1,183.55,185.94,188.27,190.53,192.72,194.85,196.9,198.89,200.79,202.62,204.37,206.04,207.63
575,US241,New Orleans,POP_DENS,106.93,105.45,104.04,102.7,101.43,100.23,99.09,98.01,96.98,96.02,95.11,94.25,93.44,92.68,91.98
576,US242,Houston,GREEN_AREA_PC,821.79,803.32,785.19,767.38,749.9,732.73,715.86,699.31,683.05,667.09,651.43,636.05,620.95,606.13,591.59
577,US242,Houston,POP_DENS,208.69,213.49,218.42,223.49,228.7,234.06,239.57,245.24,251.08,257.09,263.27,269.63,276.19,282.94,289.9
578,US245,San Antonio,GREEN_AREA_PC,172.18,168.38,164.66,161.02,157.45,153.96,150.54,147.19,143.91,140.7,137.56,134.49,131.48,128.53,125.64
579,US245,San Antonio,POP_DENS,89.49,91.51,93.58,95.7,97.87,100.09,102.36,104.69,107.07,109.52,112.02,114.58,117.2,119.89,122.64
580,US250,Orlando,GREEN_AREA_PC,601.86,586.57,571.63,557.02,542.75,528.8,515.18,501.86,488.85,476.14,463.73,451.6,439.76,428.19,416.9
581,US250,Orlando,POP_DENS,158.28,162.4,166.65,171.02,175.51,180.14,184.91,189.81,194.87,200.07,205.42,210.94,216.62,222.47,228.5
582,US251,Clearwater/Saint Petersburg,GREEN_AREA_PC,303.79,301.42,299.01,296.57,294.09,291.58,289.03,286.44,283.83,281.18,278.5,275.78,273.04,270.27,267.46
583,US251,Clearwater/Saint Petersburg,POP_DENS,443.7,447.18,450.78,454.49,458.32,462.28,466.35,470.56,474.9,479.37,483.99,488.75,493.66,498.73,503.95
584,US252,Tampa,GREEN_AREA_PC,568.37,556.7,545.27,534.08,523.11,512.37,501.85,491.55,481.46,471.58,461.89,452.41,443.12,434.03,425.12
585,US252,Tampa,POP_DENS,354.33,361.76,369.34,377.08,384.98,393.05,401.29,409.7,418.29,427.06,436.01,445.15,454.48,464.01,473.73
586,US259,Miami,GREEN_AREA_PC,163.37,161.66,159.97,158.29,156.63,154.99,153.36,151.75,150.16,148.58,147.01,145.46,143.93,142.41,140.9
587,US259,Miami,POP_DENS,353.16,356.89,360.66,364.48,368.34,372.24,376.19,380.19,384.22,388.31,392.44,396.62,400.85,405.13,409.46
588,US261,Mcallen,GREEN_AREA_PC,190.36,184.59,178.99,173.57,168.3,163.2,158.25,153.45,148.8,144.29,139.92,135.67,131.56,127.57,123.7
589,US261,Mcallen,POP_DENS,138.83,143.17,147.64,152.26,157.02,161.93,166.99,172.21,177.6,183.15,188.88,194.78,200.87,207.15,213.63
590,USA,United States,POP_DENS,30.8,31.1,31.39,31.66,31.96,32.25,32.57,32.88,33.19,33.48,33.76,34.02,34.28,34.54,34.8
