	Department	City	Tables	Total	Participation	Null	Yes	No
0	AMAZONAS	EL ENCANTO	2	223	30.01	2	170	51
1	AMAZONAS	LA CHORRERA	3	366	35.53	3	300	62
2	AMAZONAS	LA PEDRERA	3	216	21.42	1	189	25
3	AMAZONAS	LA VICTORIA	1	5	27.77	0	4	1
4	AMAZONAS	LETICIA	82	8990	25.98	84	4403	4463
5	AMAZONAS	MIRITI-PARANA	2	96	20.12	0	89	7
6	AMAZONAS	PUERTO ALEGRIA	1	59	22.77	1	52	5
7	AMAZONAS	PUERTO ARICA	1	119	29.38	0	97	22
8	AMAZONAS	PUERTO NARI¥O	10	1153	26.7	17	830	274
9	AMAZONAS	PUERTO SANTANDER	2	143	22.27	2	125	16
10	AMAZONAS	TARAPACA	3	344	26.38	4	265	68
11	ANTIOQUIA	ABEJORRAL	39	3647	23.87	52	1296	2105
12	ANTIOQUIA	ABRIAQUI	6	572	29.51	13	213	332
13	ANTIOQUIA	ALEJANDRIA	11	1735	37.9	22	966	696
14	ANTIOQUIA	AMAGA	53	6370	28.91	94	2084	4139
15	ANTIOQUIA	AMALFI	40	3818	22.55	72	1310	2304
16	ANTIOQUIA	ANDES	76	9093	26.09	93	3193	5729
17	ANTIOQUIA	ANGELOPOLIS	14	1589	27.98	23	553	1004
18	ANTIOQUIA	ANGOSTURA	23	1935	21.13	84	705	1089
19	ANTIOQUIA	ANORI	30	2984	26.77	40	1764	953
20	ANTIOQUIA	ANZA	14	1150	20.12	16	363	740
21	ANTIOQUIA	APARTADO	201	27961	31.34	478	14195	12936
22	ANTIOQUIA	ARBOLETES	52	5866	27.34	57	3691	1937
23	ANTIOQUIA	ARGELIA	19	2065	31.16	23	650	1351
24	ANTIOQUIA	ARMENIA	12	1026	21.18	26	301	676
25	ANTIOQUIA	BARBOSA	92	13430	34.84	277	4200	8666
26	ANTIOQUIA	BELLO	679	121850	38.26	1577	43642	76122
27	ANTIOQUIA	BELMIRA	14	1617	33.63	17	687	897
28	ANTIOQUIA	BETANIA	19	1609	19.21	22	466	1110
29	ANTIOQUIA	BETULIA	33	3023	22.59	49	1005	1919
30	ANTIOQUIA	BOLIVAR	60	5636	23.45	60	1644	3875
31	ANTIOQUIA	BRICE¥O	19	2078	33.68	45	1367	604
32	ANTIOQUIA	BURITICA	19	1406	20.58	20	474	890
33	ANTIOQUIA	CA¥ASGORDAS	33	4884	36.44	121	1911	2739
34	ANTIOQUIA	CACERES	48	4004	20.23	83	2506	1358
35	ANTIOQUIA	CAICEDO	15	1600	26.26	43	593	921
36	ANTIOQUIA	CALDAS	129	25961	42.85	397	9292	16149
37	ANTIOQUIA	CAMPAMENTO	15	1296	20.37	41	619	604
38	ANTIOQUIA	CARACOLI	14	1199	24.69	12	578	593
39	ANTIOQUIA	CARAMANTA	14	1417	27.08	26	568	790
40	ANTIOQUIA	CAREPA	98	11733	28.29	190	5327	6057
41	ANTIOQUIA	EL CARMEN DE VIBORAL	80	16750	50.65	272	5528	10787
42	ANTIOQUIA	CAROLINA	11	1150	28.17	23	464	641
43	ANTIOQUIA	CAUCASIA	162	20911	31.61	368	8801	11495
44	ANTIOQUIA	CHIGORODO	89	12392	27.66	187	6322	5745
45	ANTIOQUIA	CISNEROS	26	3017	26.38	63	1084	1837
46	ANTIOQUIA	COCORNA	34	4864	37.51	81	1647	3006
47	ANTIOQUIA	CONCEPCION	10	1553	35.22	27	572	931
48	ANTIOQUIA	CONCORDIA	38	3184	19.86	50	998	2081
49	ANTIOQUIA	COPACABANA	127	25279	40.73	369	9535	15052
50	ANTIOQUIA	DABEIBA	41	4858	28.6	99	2971	1622
51	ANTIOQUIA	DON MATIAS	39	5381	32.46	71	1371	3898
52	ANTIOQUIA	EBEJICO	29	2846	24.91	32	967	1788
53	ANTIOQUIA	EL BAGRE	85	7520	20.85	156	3167	4056
54	ANTIOQUIA	ENTRERRIOS	18	2680	33.68	30	868	1766
55	ANTIOQUIA	ENVIGADO	507	106988	46.11	1061	37800	67255
56	ANTIOQUIA	FREDONIA	46	4858	26.69	64	1703	3064
57	ANTIOQUIA	FRONTINO	46	4038	24.05	78	2148	1744
58	ANTIOQUIA	GIRALDO	10	1251	31.7	17	666	557
59	ANTIOQUIA	GIRARDOTA	111	17135	35.98	277	6088	10680
60	ANTIOQUIA	GOMEZ PLATA	20	2192	26.08	61	772	1328
61	ANTIOQUIA	GRANADA	24	3630	35.34	53	1382	2120
62	ANTIOQUIA	GUADALUPE	16	1388	24.54	47	714	587
63	ANTIOQUIA	GUARNE	77	14804	46.71	214	3870	10604
64	ANTIOQUIA	GUATAPE	15	3261	49.99	37	1232	1966
65	ANTIOQUIA	HELICONIA	16	1492	24.23	29	632	795
66	ANTIOQUIA	HISPANIA	13	1142	21.88	11	459	654
67	ANTIOQUIA	ITAGUI	527	96563	39.3	1344	35166	59627
68	ANTIOQUIA	ITUANGO	49	4157	23.88	116	2706	1196
69	ANTIOQUIA	JARDIN	28	4594	37.98	44	1620	2884
70	ANTIOQUIA	JERICO	27	3373	30.59	39	957	2341
71	ANTIOQUIA	LA CEJA	97	22800	51.46	325	6715	15589
72	ANTIOQUIA	LA ESTRELLA	108	18723	36.93	194	6725	11716
73	ANTIOQUIA	LA PINTADA	15	2459	37.32	31	1017	1389
74	ANTIOQUIA	LA UNION	38	7529	46.42	136	2551	4782
75	ANTIOQUIA	LIBORINA	24	2703	29.36	40	933	1674
76	ANTIOQUIA	MACEO	19	1899	25.43	26	777	1065
77	ANTIOQUIA	MARINILLA	76	17767	46.53	190	5481	11993
78	ANTIOQUIA	MEDELLIN	3346	694784	46.06	6754	253548	431173
79	ANTIOQUIA	MONTEBELLO	15	1827	30.23	35	953	776
80	ANTIOQUIA	MURINDO	9	1150	42.21	14	1073	44
81	ANTIOQUIA	MUTATA	33	3030	22.23	49	1846	1016
82	ANTIOQUIA	NARIÑO	25	2513	27.87	31	786	1626
83	ANTIOQUIA	NECHI	44	3834	21.08	57	1937	1799
84	ANTIOQUIA	NECOCLI	76	7475	23.0	155	4359	2860
85	ANTIOQUIA	OLAYA	7	740	27.21	7	273	449
86	ANTIOQUIA	PE¥OL	36	5415	34.25	55	2032	3265
87	ANTIOQUIA	PEQUE	18	2331	38.28	43	1632	608
88	ANTIOQUIA	PUEBLORRICO	17	1787	25.12	24	593	1138
89	ANTIOQUIA	PUERTO BERRIO	84	9028	26.48	116	2780	6046
90	ANTIOQUIA	PUERTO NARE	31	3974	32.56	55	2281	1600
91	ANTIOQUIA	PUERTO TRIUNFO	32	3902	30.05	42	1007	2823
92	ANTIOQUIA	REMEDIOS	40	3579	21.02	126	1186	2229
93	ANTIOQUIA	RETIRO	35	6951	46.03	58	2145	4703
94	ANTIOQUIA	RIONEGRO	214	47791	50.4	637	14361	32596
95	ANTIOQUIA	SABANALARGA	18	2364	33.52	41	778	1501
96	ANTIOQUIA	SABANETA	125	27182	45.59	285	9955	16903
97	ANTIOQUIA	SALGAR	33	2474	18.34	24	782	1621
98	ANTIOQUIA	SAN ANDRES	16	1701	32.81	65	706	864
99	ANTIOQUIA	SAN CARLOS	34	5242	37.59	95	2390	2697
100	ANTIOQUIA	SAN FRANCISCO	14	1637	26.66	26	660	901
101	ANTIOQUIA	SAN JERONIMO	29	3475	29.17	41	1260	2135
102	ANTIOQUIA	SAN JOSE DE LA MONTA¥A	8	1032	32.61	23	363	621
103	ANTIOQUIA	SAN JUAN DE URABA	42	4118	23.62	33	2677	1365
104	ANTIOQUIA	SAN LUIS	28	3644	33.9	36	890	2681
105	ANTIOQUIA	SAN PEDRO	45	7331	38.75	106	1841	5334
106	ANTIOQUIA	SAN PEDRO DE URABA	61	4146	16.42	62	2060	1982
107	ANTIOQUIA	SAN RAFAEL	29	4061	33.41	258	1457	2295
108	ANTIOQUIA	SAN ROQUE	35	4466	30.63	79	1786	2548
109	ANTIOQUIA	SAN VICENTE	42	6027	36.64	80	1642	4238
110	ANTIOQUIA	SANTA BARBARA	51	6063	27.46	107	2101	3788
111	ANTIOQUIA	SANTA ROSA DE OSOS	64	10280	39.82	279	2984	6927
112	ANTIOQUIA	SANTO DOMINGO	24	2929	31.91	107	1085	1681
113	ANTIOQUIA	SANTUARIO	62	12621	48.14	150	3329	9020
114	ANTIOQUIA	SEGOVIA	62	4684	17.89	68	1516	3073
115	ANTIOQUIA	SONSON	77	9293	34.16	266	2319	6550
116	ANTIOQUIA	SOPETRAN	30	4259	35.3	60	1875	2266
117	ANTIOQUIA	TAMESIS	35	4579	31.63	52	1579	2889
118	ANTIOQUIA	TARAZA	62	5988	22.86	110	3477	2311
119	ANTIOQUIA	TARSO	14	1230	20.9	14	503	691
120	ANTIOQUIA	TITIRIBI	22	2180	24.98	39	742	1362
121	ANTIOQUIA	TOLEDO	11	1429	32.6	63	798	507
122	ANTIOQUIA	TURBO	196	20913	24.64	371	11378	8887
123	ANTIOQUIA	URAMITA	16	1825	28.73	37	951	813
124	ANTIOQUIA	URRAO	55	5864	26.22	138	2644	2959
125	ANTIOQUIA	VALDIVIA	29	2261	18.75	57	1072	1069
126	ANTIOQUIA	VALPARAISO	15	1534	27.07	22	597	893
127	ANTIOQUIA	VEGACHI	24	1837	18.07	22	503	1268
128	ANTIOQUIA	VENECIA	28	2916	26.56	26	1097	1767
129	ANTIOQUIA	VIGIA DEL FUERTE	17	2187	41.69	13	2079	86
130	ANTIOQUIA	YALI	14	1160	19.31	6	437	692
131	ANTIOQUIA	YARUMAL	74	9483	28.65	187	2941	6091
132	ANTIOQUIA	YOLOMBO	39	3512	22.11	57	1344	2055
133	ANTIOQUIA	YONDO	31	5376	44.13	128	2376	2810
134	ANTIOQUIA	ZARAGOZA	44	3545	18.71	88	1672	1726
135	ARAUCA	ARAUQUITA	65	10113	37.07	234	7440	2289
136	ARAUCA	CRAVO NORTE	9	1103	30.94	38	424	630
137	ARAUCA	FORTUL	26	3646	33.41	187	2338	1063
138	ARAUCA	PUERTO RONDON	14	1131	31.09	19	428	666
139	ARAUCA	SARAVENA	73	10091	31.83	335	4457	5168
140	ARAUCA	TAME	80	11068	35.01	263	5407	5267
141	ATLANTICO	BARANOA	108	12549	27.38	58	8936	3416
142	ATLANTICO	BARRANQUILLA	2350	256375	24.9	1111	146039	108178
143	ATLANTICO	CAMPO DE LA CRUZ	45	2812	14.56	14	1728	1057
144	ATLANTICO	CANDELARIA	27	3034	26.86	25	2078	906
145	ATLANTICO	GALAPA	82	8464	24.45	74	5186	3176
146	ATLANTICO	JUAN DE ACOSTA	41	3500	20.37	19	2389	1082
147	ATLANTICO	LURUACO	56	3564	15.44	25	2265	1246
148	ATLANTICO	MALAMBO	164	15857	21.15	94	8810	6908
149	ATLANTICO	MANATI	31	1995	14.87	10	1660	317
150	ATLANTICO	PALMAR DE VARELA	45	4265	21.72	22	2871	1117
151	ATLANTICO	PIOJO	14	1537	28.41	15	1118	391
152	ATLANTICO	POLONUEVO	29	3437	28.06	29	2746	639
153	ATLANTICO	PONEDERA	42	3909	21.99	20	2445	1421
154	ATLANTICO	PUERTO COLOMBIA	74	9330	29.63	38	5701	3565
155	ATLANTICO	REPELON	44	4213	22.86	24	3325	829
156	ATLANTICO	SABANAGRANDE	54	5132	22.52	29	3251	1835
157	ATLANTICO	SABANALARGA	151	18077	27.85	142	12851	4663
158	ATLANTICO	SANTA LUCIA	24	1969	19.83	18	1467	481
159	ATLANTICO	SANTO TOMAS	62	5743	22.2	24	4088	1614
160	ATLANTICO	SOLEDAD	606	57785	21.86	307	33765	23487
161	ATLANTICO	SUAN	22	2428	25.41	3	1837	585
162	ATLANTICO	TUBARA	24	2819	29.73	16	1888	898
163	ATLANTICO	USIACURI	17	2195	29.27	15	1677	489
164	SANTAFE DE BOGOTA D.C	SANTAFE DE BOGOTA D.C.	12078	2570359	46.33	25213	1423612	1114933
165	BOLIVAR	ACHI	44	6329	40.18	87	4307	1874
166	BOLIVAR	ALTOS DEL ROSARIO	18	1424	21.35	15	786	601
167	BOLIVAR	ARENAL	14	1950	34.66	23	1690	229
168	BOLIVAR	ARJONA	113	9785	19.15	63	6030	3642
169	BOLIVAR	ARROYOHONDO	21	1516	20.59	7	1118	363
170	BOLIVAR	BARRANCO DE LOBA	30	2830	25.56	22	1465	1284
171	BOLIVAR	CALAMAR	44	3715	21.02	37	2140	1490
172	BOLIVAR	CANTAGALLO	15	2671	43.95	44	1878	732
173	BOLIVAR	CARTAGENA	1654	147441	20.12	518	81500	64735
174	BOLIVAR	CICUCO	24	2988	31.97	21	2082	856
175	BOLIVAR	CLEMENCIA	24	1772	17.19	17	1146	590
176	BOLIVAR	CORDOBA	35	4722	36.17	43	3612	1001
177	BOLIVAR	EL CARMEN DE BOLIVAR	129	15922	29.8	216	8287	7290
178	BOLIVAR	EL GUAMO	19	2017	27.69	11	1578	405
179	BOLIVAR	EL PE¥ON	17	1519	26.09	15	911	574
180	BOLIVAR	HATILLO DE LOBA	26	2648	26.88	25	1322	1285
181	BOLIVAR	MAGANGUE	227	26911	28.76	261	16478	9966
182	BOLIVAR	MAHATES	48	4121	21.21	32	2819	1222
183	BOLIVAR	MARGARITA	26	2326	26.38	13	1361	919
184	BOLIVAR	MARIA LA BAJA	92	8940	23.65	73	7009	1761
185	BOLIVAR	MOMPOS	92	8361	23.93	68	5198	3036
186	BOLIVAR	MONTECRISTO	25	2099	25.11	17	1652	395
187	BOLIVAR	MORALES	29	4215	38.87	39	1936	2206
188	BOLIVAR	NARIÑO	11	1169	31.61	14	969	177
189	BOLIVAR	PINILLOS	50	4948	30.53	41	2973	1885
190	BOLIVAR	REGIDOR	13	1437	31.99	18	1092	323
191	BOLIVAR	RIO VIEJO	15	2177	37.05	30	1488	639
192	BOLIVAR	SAN CRISTOBAL	16	1893	29.29	8	1630	249
193	BOLIVAR	SAN ESTANISLAO	33	2804	20.02	19	1900	869
194	BOLIVAR	SAN FERNANDO	25	2409	30.35	15	1949	428
195	BOLIVAR	SAN JACINTO	51	6348	31.4	62	3736	2477
196	BOLIVAR	SAN JACINTO DEL CAUCA	19	2039	29.94	18	1389	612
197	BOLIVAR	SAN JUAN NEPOMUCENO	72	8618	28.58	111	5134	3287
198	BOLIVAR	SAN MARTIN DE LOBA	27	2841	26.49	22	1943	856
199	BOLIVAR	SAN PABLO	45	5958	34.47	94	2802	2940
200	BOLIVAR	SANTA CATALINA	29	2448	21.16	119	1759	553
201	BOLIVAR	SANTA ROSA	30	1771	13.45	24	1129	609
202	BOLIVAR	SANTA ROSA DEL SUR	50	7238	37.8	112	2648	4421
203	BOLIVAR	SIMITI	35	3652	30.55	73	1753	1783
204	BOLIVAR	SOPLAVIENTO	18	2242	28.06	20	1888	324
205	BOLIVAR	TALAIGUA NUEVO	24	2968	33.49	16	1870	1045
206	BOLIVAR	TIQUISIO	35	3108	24.73	22	1686	1366
207	BOLIVAR	TURBACO	125	9954	16.92	41	5927	3957
208	BOLIVAR	TURBANA	32	2543	18.46	17	1728	781
209	BOLIVAR	VILLANUEVA	35	1974	13.14	14	1181	763
210	BOLIVAR	ZAMBRANO	21	3727	42.86	46	3140	507
211	BOYACA	ALMEIDA	5	693	36.32	11	348	327
212	BOYACA	AQUITANIA	36	4299	34.81	65	1208	2985
213	BOYACA	ARCABUCO	11	1718	37.59	54	773	882
214	BOYACA	BELEN	16	2602	38.55	81	1150	1344
215	BOYACA	BERBEO	4	588	40.13	15	387	181
216	BOYACA	BETEITIVA	5	685	35.77	19	407	252
217	BOYACA	BOAVITA	14	1866	36.14	40	798	1002
218	BOYACA	BRICE¥O	5	772	36.79	7	471	282
219	BOYACA	BUENAVISTA	13	1460	31.92	29	616	790
220	BOYACA	BUSBANZA	2	370	46.59	7	174	183
221	BOYACA	CALDAS	9	1139	34.74	24	651	453
222	BOYACA	CAMPOHERMOSO	7	977	38.95	23	507	432
223	BOYACA	CERINZA	8	1628	46.75	54	961	595
224	BOYACA	CHINAVITA	8	942	30.08	17	421	497
225	BOYACA	CHIQUINQUIRA	98	17119	41.86	303	8110	8619
226	BOYACA	CHIQUIZA	10	912	21.06	27	537	330
227	BOYACA	CHISCAS	10	1405	39.92	40	672	658
228	BOYACA	CHITA	19	2319	36.62	75	861	1294
229	BOYACA	CHITARAQUE	14	1654	30.37	19	644	962
230	BOYACA	CHIVATA	6	930	36.58	7	477	439
231	BOYACA	CHIVOR	5	656	37.08	8	260	378
232	BOYACA	CIENEGA	9	1233	31.84	16	543	655
233	BOYACA	COMBITA	22	3653	42.55	86	2081	1452
234	BOYACA	COPER	10	1332	40.63	19	779	521
235	BOYACA	CORRALES	6	955	42.86	22	408	511
236	BOYACA	COVARACHIA	9	1080	34.47	16	394	626
237	BOYACA	CUBARA	16	1469	26.78	68	781	597
238	BOYACA	CUCAITA	8	1264	39.67	30	683	543
239	BOYACA	CUITIVA	5	653	35.27	19	269	363
240	BOYACA	DUITAMA	189	41211	49.44	770	19535	20787
241	BOYACA	EL COCUY	10	1282	34.49	48	374	830
242	BOYACA	EL ESPINO	6	997	43.32	20	339	627
243	BOYACA	FIRAVITOBA	14	2129	37.48	37	1317	758
244	BOYACA	FLORESTA	7	1354	43.98	20	527	799
245	BOYACA	GACHANTIVA	7	1342	44.43	24	621	678
246	BOYACA	GAMEZA	10	1491	36.76	23	621	825
247	BOYACA	GARAGOA	29	5174	43.68	119	2534	2485
248	BOYACA	GUACAMAYAS	4	631	38.1	19	122	479
249	BOYACA	GUATEQUE	22	3421	38.2	80	1718	1599
250	BOYACA	GUAYATA	9	1530	39.75	22	861	633
251	BOYACA	GUICAN	10	1204	39.69	42	556	592
252	BOYACA	IZA	6	857	38.53	13	367	465
253	BOYACA	JENESANO	13	1673	30.61	33	1031	584
254	BOYACA	JERICO	9	974	30.26	23	359	570
255	BOYACA	LA CAPILLA	6	1072	41.61	28	525	493
256	BOYACA	LA UVITA	8	933	36.77	19	287	611
257	BOYACA	LA VICTORIA	5	573	37.87	9	417	136
258	BOYACA	LABRANZAGRANDE	7	1003	36.84	17	444	529
259	BOYACA	MACANAL	9	1235	34.27	24	464	728
260	BOYACA	MARIPI	17	1871	29.83	25	1371	459
261	BOYACA	MIRAFLORES	18	3688	48.73	81	2330	1233
262	BOYACA	MONGUA	10	1686	42.11	25	397	1258
263	BOYACA	MONGUI	9	1434	39.36	29	530	870
264	BOYACA	MONIQUIRA	42	6492	37.19	162	3257	3016
265	BOYACA	MOTAVITA	12	1846	37.38	41	955	836
266	BOYACA	MUZO	17	2420	33.63	55	858	1470
267	BOYACA	NOBSA	27	5741	49.72	86	2835	2809
268	BOYACA	NUEVO COLON	11	1794	38.93	46	1107	624
269	BOYACA	OICATA	6	1135	47.44	30	605	492
270	BOYACA	OTANCHE	22	2369	36.98	28	1021	1297
271	BOYACA	PACHAVITA	5	779	38.93	15	370	374
272	BOYACA	PAEZ	7	1228	52.52	43	558	613
273	BOYACA	PAIPA	59	11312	46.09	200	6187	4866
274	BOYACA	PAJARITO	5	650	37.94	9	234	399
275	BOYACA	PANQUEBA	4	649	40.43	15	285	335
276	BOYACA	PAUNA	17	2401	35.77	41	1521	802
277	BOYACA	PAYA	5	737	52.41	26	320	383
278	BOYACA	PAZ DE RIO	11	1741	39.81	38	1119	566
279	BOYACA	PESCA	16	1819	28.34	33	710	1061
280	BOYACA	PISBA	3	463	45.34	3	195	256
281	BOYACA	PUERTO BOYACA	88	14347	40.72	339	4270	9611
282	BOYACA	QUIPAMA	15	1768	35.87	32	637	1066
283	BOYACA	RAMIRIQUI	21	2789	32.42	34	1466	1267
284	BOYACA	RAQUIRA	12	1730	37.85	44	815	851
285	BOYACA	RONDON	7	929	40.69	17	469	426
286	BOYACA	SABOYA	24	3664	38.34	112	2246	1250
287	BOYACA	SACHICA	8	1350	40.66	13	702	624
288	BOYACA	SAMACA	31	4849	36.17	130	2343	2340
289	BOYACA	SAN EDUARDO	4	711	48.59	22	434	245
290	BOYACA	SAN JOSE DE PARE	14	1838	34.71	20	946	844
291	BOYACA	SAN LUIS DE GACENO	14	1779	39.63	22	628	1111
292	BOYACA	SAN MATEO	9	1147	31.54	30	368	720
293	BOYACA	SAN MIGUEL DE SEMA	7	1101	39.89	21	513	550
294	BOYACA	SAN PABLO DE BORBUR	16	1890	32.53	29	584	1246
295	BOYACA	SANTA MARIA	9	1137	34.36	30	433	656
296	BOYACA	SANTA ROSA DE VITERBO	20	3726	46.31	72	1553	2073
297	BOYACA	SANTA SOFIA	7	1084	35.33	21	648	399
298	BOYACA	SANTANA	16	2198	32.17	34	1106	1034
299	BOYACA	SATIVANORTE	7	773	32.23	23	373	362
300	BOYACA	SATIVASUR	3	377	30.72	4	197	174
301	BOYACA	SIACHOQUE	15	2310	36.92	54	778	1453
302	BOYACA	SOATA	17	3543	47.56	56	1461	1989
303	BOYACA	SOCHA	16	2395	38.93	64	1138	1160
304	BOYACA	SOCOTA	17	2104	35.52	60	791	1214
305	BOYACA	SOGAMOSO	198	41974	46.92	700	20261	20865
306	BOYACA	SOMONDOCO	7	895	32.2	14	529	344
307	BOYACA	SORA	6	1319	52.17	22	686	459
308	BOYACA	SORACA	12	2273	43.46	24	740	1489
309	BOYACA	SOTAQUIRA	13	2070	38.24	39	1039	978
310	BOYACA	SUSACON	8	1166	45.19	36	701	410
311	BOYACA	SUTAMARCHAN	12	2119	40.25	38	1132	931
312	BOYACA	SUTATENZA	9	1318	35.79	30	612	662
313	BOYACA	TASCO	12	1598	32.04	37	913	641
314	BOYACA	TENZA	9	1663	46.77	26	1028	592
315	BOYACA	TIBANA	19	2123	28.68	57	1312	740
316	BOYACA	TIBASOSA	19	3615	42.97	75	1842	1685
317	BOYACA	TINJACA	6	1162	45.78	20	632	505
318	BOYACA	TIPACOQUE	9	1136	33.88	29	557	520
319	BOYACA	TOCA	16	2344	33.5	40	1107	1168
320	BOYACA	TOGUI	10	967	22.57	22	516	410
321	BOYACA	TOPAGA	8	1370	46.85	19	552	789
322	BOYACA	TOTA	11	943	22.97	25	318	590
323	BOYACA	TUNJA	258	59038	50.64	1003	32780	25112
324	BOYACA	TUNUNGUA	3	655	49.84	9	461	181
325	BOYACA	TURMEQUE	13	1786	31.31	41	1161	568
326	BOYACA	TUTA	18	3113	43.14	57	1536	1497
327	BOYACA	TUTAZA	5	949	51.54	29	492	412
328	BOYACA	UMBITA	14	2281	39.22	47	980	1224
329	BOYACA	VENTAQUEMADA	25	3354	30.73	81	1566	1689
330	BOYACA	VILLA DE LEYVA	24	4877	47.95	66	2479	2307
331	BOYACA	VIRACACHA	6	822	32.19	16	343	452
332	BOYACA	ZETAQUIRA	9	1410	36.39	15	910	473
333	CALDAS	AGUADAS	47	7035	37.31	174	1961	4766
334	CALDAS	ANSERMA	72	11209	40.18	270	3356	7430
335	CALDAS	ARANZAZU	30	4191	36.31	123	1573	2409
336	CALDAS	BELALCAZAR	27	3890	38.44	52	1514	2105
337	CALDAS	CHINCHINA	92	17205	39.31	315	6185	10543
338	CALDAS	FILADELFIA	24	3281	35.11	62	1365	1783
339	CALDAS	LA DORADA	131	21133	36.6	545	6908	13558
340	CALDAS	LA MERCED	17	2067	36.64	50	866	1108
341	CALDAS	MANIZALES	738	154340	47.76	2505	74140	76961
342	CALDAS	MANZANARES	41	5092	32.92	91	1773	3146
343	CALDAS	MARMATO	18	1711	25.01	41	514	1133
344	CALDAS	MARQUETALIA	28	4073	35.58	93	1452	2427
345	CALDAS	MARULANDA	8	831	31.26	32	387	391
346	CALDAS	NEIRA	44	6743	34.92	168	2283	4191
347	CALDAS	NORCASIA	14	2172	37.03	51	906	1179
348	CALDAS	PACORA	32	4413	36.57	76	1548	2727
349	CALDAS	PALESTINA	35	4465	30.26	51	1867	2513
350	CALDAS	PENSILVANIA	43	6228	37.21	191	1880	3959
351	CALDAS	RIOSUCIO	90	15076	40.06	399	6070	8402
352	CALDAS	RISARALDA	27	3064	28.47	49	959	2021
353	CALDAS	SALAMINA	38	5376	34.32	86	2096	3021
354	CALDAS	SAMANA	42	6692	41.33	209	2814	3513
355	CALDAS	SAN JOSE	12	1491	30.31	30	623	817
356	CALDAS	SUPIA	49	7883	37.08	349	2408	4985
357	CALDAS	VICTORIA	21	3079	37.26	51	1249	1735
358	CALDAS	VILLAMARIA	84	17736	46.74	330	7470	9806
359	CALDAS	VITERBO	33	5204	40.53	56	1373	3737
360	CAQUETA	ALBANIA	9	1430	36.45	22	445	842
361	CAQUETA	BELEN DE LOS ANDAQUIES	18	2600	34.33	59	1001	1504
362	CAQUETA	CARTAGENA DEL CHAIRA	43	4927	26.2	81	3530	1256
363	CAQUETA	CURILLO	19	1871	24.6	55	729	1052
364	CAQUETA	EL DONCELLO	38	4230	27.18	89	1593	2511
365	CAQUETA	EL PAUJIL	28	2683	22.61	52	1157	1439
366	CAQUETA	FLORENCIA	263	39004	33.65	421	14803	23593
367	CAQUETA	LA MONTA¥ITA	26	3136	29.86	23	2295	797
368	CAQUETA	MILAN	17	1369	19.95	20	750	590
369	CAQUETA	MORELIA	9	1143	31.89	16	387	731
370	CAQUETA	PUERTO RICO	45	5470	29.09	104	2643	2645
371	CAQUETA	SAN JOSE DEL FRAGUA	24	2894	32.6	55	1116	1699
372	CAQUETA	SAN VICENTE DEL CAGUAN	80	9786	31.04	111	6034	3554
373	CAQUETA	SOLANO	21	2004	25.84	20	1506	460
374	CAQUETA	SOLITA	13	1332	23.18	26	484	804
375	CAQUETA	VALPARAISO	15	1611	26.03	60	724	805
376	CASANARE	AGUAZUL	67	14484	54.43	599	4123	9666
377	CASANARE	CHAMEZA	4	968	62.41	25	663	271
378	CASANARE	HATO COROZAL	28	2825	40.38	61	591	2133
379	CASANARE	LA SALINA	2	458	60.1	11	391	51
380	CASANARE	MANI	30	4850	48.13	86	1459	3265
381	CASANARE	MONTERREY	29	5762	51.89	87	1639	3998
382	CASANARE	NUNCHIA	23	2959	49.12	67	579	2272
383	CASANARE	OROCUE	22	3073	40.4	61	1182	1800
384	CASANARE	PAZ DE ARIPORO	56	9932	43.13	210	2243	7379
385	CASANARE	PORE	16	3471	52.41	91	662	2684
386	CASANARE	RECETOR	5	705	55.95	43	337	305
387	CASANARE	SABANALARGA	7	1387	50.29	30	680	664
388	CASANARE	SACAMA	4	751	48.86	77	563	97
389	CASANARE	SAN LUIS DE PALENQUE	18	2616	44.44	52	548	1988
390	CASANARE	TAMARA	13	1965	45.43	42	528	1350
391	CASANARE	TAURAMENA	38	8445	53.61	139	2209	6037
392	CASANARE	TRINIDAD	28	3830	41.58	87	735	2966
393	CASANARE	VILLANUEVA	45	8282	42.43	173	2425	5625
394	CASANARE	YOPAL	242	52151	50.84	858	14561	36503
395	CAUCA	ALMAGUER	33	3698	29.55	169	2874	570
396	CAUCA	ARGELIA	49	6830	38.4	175	5807	751
397	CAUCA	BALBOA	41	5389	34.34	126	4425	731
398	CAUCA	BOLIVAR	111	8455	27.22	286	5234	2772
399	CAUCA	BUENOS AIRES	42	6698	43.05	188	4594	1773
400	CAUCA	CAJIBIO	58	7230	31.01	138	4922	2002
401	CAUCA	CALDONO	51	8943	43.35	267	6792	1715
402	CAUCA	CALOTO	50	8294	46.89	166	5875	2183
403	CAUCA	CORINTO	44	8489	48.66	187	5669	2520
404	CAUCA	EL TAMBO	109	11938	34.67	359	6595	4616
405	CAUCA	FLORENCIA	11	2151	47.0	64	1530	520
406	CAUCA	ARIGUAINI	34	6090	49.67	202	4160	1663
407	CAUCA	GUAPI	57	6172	32.17	78	5596	415
408	CAUCA	INZA	46	4649	27.94	74	3318	1177
409	CAUCA	JAMBALO	21	3945	48.87	89	3270	520
410	CAUCA	LA SIERRA	22	2955	33.46	63	1714	1109
411	CAUCA	LA VEGA	44	5264	34.77	128	3840	1121
412	CAUCA	LOPEZ	47	4282	34.52	12	3980	265
413	CAUCA	MERCADERES	41	4271	30.76	77	3135	960
414	CAUCA	MIRANDA	49	9536	51.28	166	5933	3379
415	CAUCA	MORALES	49	6612	35.46	225	3764	2412
416	CAUCA	PADILLA	18	3149	47.48	104	2258	752
417	CAUCA	BELEN DE BAJIRA	56	6887	35.32	154	4692	1801
418	CAUCA	PATIA	71	8223	32.19	112	5770	2233
419	CAUCA	PIAMONTE	18	1548	30.89	31	996	492
420	CAUCA	PIENDAMO	71	9382	35.33	149	4840	4240
421	CAUCA	POPAYAN	511	95678	42.49	1229	55296	38628
422	CAUCA	PUERTO TEJADA	70	13063	40.81	334	8482	4123
423	CAUCA	PURACE	21	2386	27.5	54	1458	822
424	CAUCA	ROSAS	22	3178	36.76	90	1794	1211
425	CAUCA	SAN SEBASTIAN	19	2684	37.5	70	1991	530
426	CAUCA	SANTA ROSA	16	1268	30.98	32	787	421
427	CAUCA	SANTANDER DE QUILICHAO	162	29726	40.26	569	16723	12224
428	CAUCA	SILVIA	61	7980	36.32	193	5792	1804
429	CAUCA	SOTARA	23	3143	43.04	83	2010	927
430	CAUCA	SUAREZ	42	6160	38.83	215	3890	1912
431	CAUCA	SUCRE	18	1790	32.78	31	1418	304
432	CAUCA	TIMBIO	63	9414	38.15	191	5047	4057
433	CAUCA	TIMBIQUI	46	6348	44.31	64	5885	370
434	CAUCA	TORIBIO	41	8220	49.32	165	6535	1171
435	CAUCA	TOTORO	30	3603	33.34	57	2615	884
436	CAUCA	VILLA RICA	31	5856	44.22	206	3913	1696
437	CESAR	AGUACHICA	160	27136	41.34	430	8179	18389
438	CESAR	AGUSTIN CODAZZI	99	13211	29.0	163	6261	6681
439	CESAR	ASTREA	33	3873	27.44	40	2004	1793
440	CESAR	BECERRIL	34	4642	32.0	58	2753	1787
441	CESAR	BOSCONIA	64	8781	33.17	109	4979	3593
442	CESAR	CHIMICHAGUA	65	6286	26.63	95	3327	2834
443	CESAR	CHIRIGUANA	50	6698	32.37	97	3850	2666
444	CESAR	CURUMANI	60	7411	29.94	109	4286	2952
445	CESAR	EL COPEY	51	5934	26.89	77	3761	2061
446	CESAR	EL PASO	47	6462	32.55	68	4073	2292
447	CESAR	GAMARRA	27	3438	33.52	26	1609	1777
448	CESAR	GONZALEZ	15	1237	31.98	44	608	560
449	CESAR	LA GLORIA	29	3742	35.8	54	1881	1776
450	CESAR	LA JAGUA DE IBIRICO	59	9694	39.06	219	5096	4321
451	CESAR	LA PAZ	44	6198	33.0	65	3528	2583
452	CESAR	CANTON DEL SAN PABLO	20	3187	44.11	46	1913	1206
453	CESAR	PAILITAS	35	5023	35.46	149	2874	1943
454	CESAR	PELAYA	32	4794	35.61	106	2222	2410
455	CESAR	PUEBLO BELLO	41	2558	15.49	37	1706	785
456	CESAR	RIO DE ORO	39	4535	31.74	63	1605	2695
457	CESAR	SAN ALBERTO	45	6734	36.96	99	2496	4100
458	CESAR	SAN DIEGO	36	5004	35.51	75	3003	1884
459	CESAR	SAN MARTIN	37	5698	39.66	111	1934	3623
460	CESAR	TAMALAMEQUE	27	2838	28.33	60	1859	892
461	CESAR	VALLEDUPAR	630	87908	31.48	898	44788	41843
462	CHOCO	ACANDI	24	2105	25.22	19	1568	485
463	CHOCO	ALTO BAUDO	47	3217	33.8	19	2942	234
464	CHOCO	ATRATO	23	2675	32.52	60	2080	504
465	CHOCO	BAGADO	25	2518	30.06	46	2264	196
466	CHOCO	BAHIA SOLANO	21	2350	30.99	20	1917	389
467	CHOCO	BAJO BAUDO	33	3038	29.79	21	2741	233
468	CHOCO	BOJAYA	26	2086	30.37	15	1978	87
469	CHOCO	CARMEN DEL DARIEN	16	1368	24.7	8	1290	58
470	CHOCO	CERTEGUI	13	1709	41.59	87	1238	382
471	CHOCO	CONDOTO	33	3344	31.76	140	2296	863
472	CHOCO	CANTON DEL SAN PABLO	14	1281	28.49	36	916	307
473	CHOCO	EL CARMEN	16	1903	32.15	46	1033	799
474	CHOCO	EL LITORAL DEL SAN JUAN	22	2811	38.73	12	2508	135
475	CHOCO	ITSMINA	56	5912	27.73	155	3990	1679
476	CHOCO	JURADO	13	744	24.4	7	580	144
477	CHOCO	LLORO	21	2666	35.05	63	2128	435
478	CHOCO	MEDIO ATRATO	19	2252	39.76	8	2145	93
479	CHOCO	MEDIO BAUDO	26	2787	36.48	23	2561	187
480	CHOCO	MEDIO SAN JUAN	24	3081	41.21	54	2580	411
481	CHOCO	NOVITA	19	1739	33.23	74	1212	423
482	CHOCO	NUQUI	16	1543	28.5	12	1416	103
483	CHOCO	QUIBDO	197	28522	35.48	795	20260	7159
484	CHOCO	RIO IRO	13	1340	34.9	27	1185	115
485	CHOCO	RIO QUITO	19	2592	42.18	34	1965	578
486	CHOCO	RIOSUCIO	46	3879	28.68	36	3462	345
487	CHOCO	SAN JOSE DEL PALMAR	21	1101	26.48	47	724	308
488	CHOCO	SIPI	8	749	30.36	26	618	88
489	CHOCO	TADO	35	4281	33.5	157	2830	1238
490	CHOCO	UNGUIA	22	2204	26.4	16	1426	736
491	CHOCO	UNION PANAMERICANA	15	1852	36.7	41	1404	381
492	CORDOBA	AYAPEL	78	7217	22.41	81	4178	2882
493	CORDOBA	BUENAVISTA	46	5696	32.39	61	4048	1541
494	CORDOBA	CANALETE	42	3468	21.54	20	2640	777
495	CORDOBA	CERETE	160	23285	32.71	256	11746	11179
496	CORDOBA	CHIMA	32	3970	31.13	27	2825	1091
497	CORDOBA	CHINU	96	13226	37.25	174	6434	6345
498	CORDOBA	CIENAGA DE ORO	96	15211	36.14	188	9377	5504
499	CORDOBA	COTORRA	36	4112	29.39	59	2636	1387
500	CORDOBA	LA APARTADA	30	3919	31.29	65	2537	1217
501	CORDOBA	LORICA	205	26378	31.2	266	17559	8386
502	CORDOBA	LOS CORDOBAS	35	4841	35.28	39	3695	1057
503	CORDOBA	MO¥ITOS	46	5436	30.0	65	4230	1090
504	CORDOBA	MOMIL	30	4220	32.63	25	2830	1340
505	CORDOBA	MONTELIBANO	122	18769	34.11	340	10631	7643
506	CORDOBA	MONTERIA	685	93265	30.79	781	44207	47850
507	CORDOBA	PLANETA RICA	117	15294	28.69	246	8676	6244
508	CORDOBA	PUEBLO NUEVO	64	7487	31.98	92	4882	2428
509	CORDOBA	PUERTO ESCONDIDO	49	5459	30.42	60	4000	1170
510	CORDOBA	PUERTO LIBERTADOR	66	10422	40.26	179	7691	2439
511	CORDOBA	PURISIMA	32	3904	29.09	38	1972	1778
512	CORDOBA	SAHAGUN	192	26824	34.33	284	16501	9762
513	CORDOBA	SAN ANDRES DE SOTAVENTO	68	10741	38.87	134	7633	2826
514	CORDOBA	SAN ANTERO	52	7080	34.22	88	4352	2605
515	CORDOBA	SAN BERNARDO DEL VIENTO	65	7351	27.89	57	5799	1434
516	CORDOBA	SAN CARLOS	48	3722	18.88	36	2150	1511
517	CORDOBA	SAN JOSE DE LA MONTA¥A	21	2783	38.97	43	2198	516
518	CORDOBA	SAN PELAYO	88	11165	31.62	141	7363	3601
519	CORDOBA	TIERRALTA	140	18665	30.66	311	12579	5452
520	CORDOBA	ITSMINA	54	8218	38.6	197	5273	2467
521	CORDOBA	VALENCIA	63	6851	27.27	91	4581	2089
522	CUNDINAMARCA	AGUA DE DIOS	22	3903	40.06	38	1723	2117
523	CUNDINAMARCA	ALBAN	12	1820	35.9	33	693	1086
524	CUNDINAMARCA	ANAPOIMA	27	4531	40.36	40	2008	2466
525	CUNDINAMARCA	ANOLAIMA	27	4241	37.75	46	1698	2461
526	CUNDINAMARCA	APULO	16	2689	39.4	35	1323	1315
527	CUNDINAMARCA	ARBELAEZ	20	3916	44.23	45	1496	2349
528	CUNDINAMARCA	BELTRAN	6	661	33.26	6	321	325
529	CUNDINAMARCA	BITUIMA	8	871	30.85	8	454	396
530	CUNDINAMARCA	BOJACA	14	3208	54.43	76	1241	1875
531	CUNDINAMARCA	CABRERA	9	1435	41.5	79	991	346
532	CUNDINAMARCA	CACHIPAY	21	3505	40.06	41	1686	1756
533	CUNDINAMARCA	CAJICA	89	20062	52.37	275	9016	10722
534	CUNDINAMARCA	CAPARRAPI	28	3377	33.22	74	1170	2076
535	CUNDINAMARCA	CAQUEZA	33	5525	38.53	109	2001	3393
536	CUNDINAMARCA	CARMEN DE CARUPA	16	2120	34.32	41	780	1287
537	CUNDINAMARCA	CHAGUANI	9	1503	41.02	19	740	721
538	CUNDINAMARCA	CHIA	175	43940	52.85	424	21717	21715
539	CUNDINAMARCA	CHIPAQUE	17	2928	39.38	43	892	1985
540	CUNDINAMARCA	CHOACHI	26	4713	41.87	70	1573	3042
541	CUNDINAMARCA	CHOCONTA	34	5774	40.3	110	2041	3578
542	CUNDINAMARCA	COGUA	30	6766	52.34	128	2684	3935
543	CUNDINAMARCA	COTA	54	10096	43.9	98	4585	5388
544	CUNDINAMARCA	CUCUNUBA	12	2161	45.9	49	728	1371
545	CUNDINAMARCA	EL COLEGIO	44	7252	37.89	82	3186	3938
546	CUNDINAMARCA	EL PE¥ON	12	1376	31.62	17	521	809
547	CUNDINAMARCA	EL ROSAL	31	7909	57.52	171	2479	5218
548	CUNDINAMARCA	FACATATIVA	194	46982	53.94	1056	18839	26978
549	CUNDINAMARCA	FOMEQUE	22	3966	42.02	38	1126	2777
550	CUNDINAMARCA	FOSCA	13	2022	36.87	11	438	1565
551	CUNDINAMARCA	FUNZA	133	31140	51.27	534	13403	17147
552	CUNDINAMARCA	FUQUENE	10	1646	42.06	33	773	828
553	CUNDINAMARCA	FUSAGASUGA	219	41941	43.26	573	17890	23323
554	CUNDINAMARCA	GACHALA	14	1593	30.45	43	736	793
555	CUNDINAMARCA	GACHANCIPA	21	4691	51.66	113	1718	2816
556	CUNDINAMARCA	GACHETA	22	3193	34.64	55	1070	2036
557	CUNDINAMARCA	GAMA	8	1191	38.38	18	540	609
558	CUNDINAMARCA	GIRARDOT	183	33639	41.03	334	12251	20971
559	CUNDINAMARCA	GRANADA	13	2247	40.33	39	1022	1171
560	CUNDINAMARCA	GUACHETA	21	3566	41.52	103	1424	2003
561	CUNDINAMARCA	GUADUAS	56	8502	38.31	181	3388	4854
562	CUNDINAMARCA	GUASCA	24	4472	43.66	60	1555	2836
563	CUNDINAMARCA	GUATAQUI	5	732	33.19	13	402	307
564	CUNDINAMARCA	GUATAVITA	12	2136	43.19	32	811	1279
565	CUNDINAMARCA	GUAYABAL DE  SIQUIMA	9	1557	43.17	28	750	770
566	CUNDINAMARCA	GUAYABETAL	11	2028	45.39	36	513	1470
567	CUNDINAMARCA	GUTIERREZ	7	1343	49.9	27	480	831
568	CUNDINAMARCA	JERUSALEN	7	888	32.88	7	474	391
569	CUNDINAMARCA	JUNIN	15	1769	32.02	39	694	1023
570	CUNDINAMARCA	LA CALERA	47	9292	45.74	114	4885	4267
571	CUNDINAMARCA	LA MESA	56	8806	37.52	123	4356	4291
572	CUNDINAMARCA	LA PALMA	21	2947	33.84	74	1714	1088
573	CUNDINAMARCA	LA PE¥A	13	2083	37.14	30	514	1498
574	CUNDINAMARCA	LA VEGA	29	5399	44.31	111	2408	2863
575	CUNDINAMARCA	LENGUAZAQUE	16	2636	37.84	77	1011	1532
576	CUNDINAMARCA	MACHETA	14	1825	29.87	35	762	1008
577	CUNDINAMARCA	MADRID	118	28695	52.27	641	10555	17404
578	CUNDINAMARCA	MANTA	10	1739	42.31	34	848	840
579	CUNDINAMARCA	MEDINA	20	3034	44.8	54	1042	1899
580	CUNDINAMARCA	MOSQUERA	133	30102	52.06	448	13047	16521
581	CUNDINAMARCA	NARIÑO	6	748	29.5	4	353	388
582	CUNDINAMARCA	NEMOCON	21	4486	50.06	90	1603	2758
583	CUNDINAMARCA	NILO	16	2531	40.45	18	1397	1107
584	CUNDINAMARCA	NIMAIMA	9	1326	42.05	24	540	750
585	CUNDINAMARCA	NOCAIMA	12	2191	42.38	40	1252	886
586	CUNDINAMARCA	PACHO	47	7904	38.55	143	3726	3959
587	CUNDINAMARCA	PAIME	13	1499	32.84	22	766	692
588	CUNDINAMARCA	PANDI	10	1411	34.23	23	741	638
589	CUNDINAMARCA	PARATEBUENO	19	3066	44.14	69	1227	1749
590	CUNDINAMARCA	PASCA	18	2827	37.17	64	1567	1176
591	CUNDINAMARCA	PUERTO SALGAR	31	4395	33.98	94	1421	2852
592	CUNDINAMARCA	PULI	8	938	32.84	24	437	466
593	CUNDINAMARCA	QUEBRADANEGRA	11	1651	41.31	21	480	1137
594	CUNDINAMARCA	QUETAME	13	2352	43.49	53	741	1551
595	CUNDINAMARCA	QUIPILE	16	2095	34.14	26	745	1302
596	CUNDINAMARCA	RICAURTE	24	3795	36.29	17	1688	2076
597	CUNDINAMARCA	SAN ANTONIO DEL TEQUENDAMA	21	3360	38.9	33	1704	1607
598	CUNDINAMARCA	SAN BERNARDO	18	2765	35.43	52	1286	1409
599	CUNDINAMARCA	SAN CAYETANO	12	1364	31.58	9	651	691
600	CUNDINAMARCA	SAN FRANCISCO	20	3321	39.58	32	1180	2099
601	CUNDINAMARCA	SAN JUAN DE RIO SECO	21	3451	38.45	41	1523	1853
602	CUNDINAMARCA	SASAIMA	20	3320	38.63	35	1137	2130
603	CUNDINAMARCA	SESQUILE	18	3880	49.97	109	1488	2266
604	CUNDINAMARCA	SIBATE	56	10578	43.96	179	4132	6222
605	CUNDINAMARCA	SILVANIA	39	6480	39.15	68	3045	3323
606	CUNDINAMARCA	SIMIJACA	21	3367	39.11	65	1179	2097
607	CUNDINAMARCA	SOACHA	457	90969	45.09	1464	42449	46767
608	CUNDINAMARCA	SOPO	37	9243	56.75	137	4579	4500
609	CUNDINAMARCA	SUBACHOQUE	27	6019	53.78	90	1838	4070
610	CUNDINAMARCA	SUESCA	23	4738	48.69	138	1956	2620
611	CUNDINAMARCA	SUPATA	10	1565	37.67	30	574	942
612	CUNDINAMARCA	SUSA	12	2094	41.04	76	1048	949
613	CUNDINAMARCA	SUTATAUSA	10	1615	43.11	35	563	996
614	CUNDINAMARCA	TABIO	34	7386	50.38	134	3249	3983
615	CUNDINAMARCA	TAUSA	14	2705	47.29	63	737	1886
616	CUNDINAMARCA	TENA	15	2308	37.24	23	1238	1028
617	CUNDINAMARCA	TENJO	33	6984	49.78	93	2903	3968
618	CUNDINAMARCA	TIBACUY	10	1508	40.69	20	778	681
619	CUNDINAMARCA	TIBIRITA	7	1064	35.25	9	667	357
620	CUNDINAMARCA	TOCAIMA	30	4680	36.29	60	2351	2249
621	CUNDINAMARCA	TOCANCIPA	57	12199	49.91	320	4971	6865
622	CUNDINAMARCA	TOPAIPI	11	1546	38.07	38	825	656
623	CUNDINAMARCA	UBALA	23	2727	32.16	69	1082	1541
624	CUNDINAMARCA	UBAQUE	13	2182	38.55	45	915	1197
625	CUNDINAMARCA	UBATE	72	13247	42.99	274	4922	7985
626	CUNDINAMARCA	UNE	16	2954	46.83	37	1296	1606
627	CUNDINAMARCA	UTICA	11	1837	39.08	18	616	1184
628	CUNDINAMARCA	VENECIA	9	1213	34.05	15	677	513
629	CUNDINAMARCA	VERGARA	20	2317	31.54	41	1147	1084
630	CUNDINAMARCA	VIANI	9	1441	37.26	28	726	673
631	CUNDINAMARCA	VILLAGOMEZ	5	607	31.69	17	198	375
632	CUNDINAMARCA	VILLAPINZON	29	5830	45.54	89	1661	4039
633	CUNDINAMARCA	VILLETA	55	9149	41.84	93	3165	5842
634	CUNDINAMARCA	VIOTA	25	3993	38.54	66	1899	2006
635	CUNDINAMARCA	YACOPI	31	3227	28.16	51	1339	1772
636	CUNDINAMARCA	ZIPACON	10	2066	50.5	17	962	1071
637	CUNDINAMARCA	ZIPAQUIRA	184	42955	52.25	807	20348	21680
638	GUAINIA	BARRANCO MINAS	7	372	18.73	5	298	67
639	GUAINIA	CACAHUAL	1	25	7.39	1	17	7
640	GUAINIA	INIRIDA	47	5194	26.24	50	2663	2436
641	GUAINIA	LA GUADALUPE	1	0	0.0	0	0	0
642	GUAINIA	MAPIRIPANA	2	49	8.46	0	45	4
643	GUAINIA	MORICHAL	1	43	24.02	0	42	0
644	GUAINIA	PANA PANA	3	162	49.39	0	116	46
645	GUAINIA	PUERTO COLOMBIA	4	106	8.78	0	60	45
646	GUAINIA	SAN FELIPE	2	154	18.44	5	85	59
647	GUAVIARE	CALAMAR	13	1537	28.03	24	1079	417
648	GUAVIARE	EL RETORNO	24	3630	39.09	125	2048	1410
649	GUAVIARE	MIRAFLORES	11	1013	24.02	11	848	142
650	GUAVIARE	SAN JOSE DEL GUAVIARE	88	15714	41.94	413	7157	7955
651	HUILA	ACEVEDO	43	6214	33.7	79	1432	4658
652	HUILA	AGRADO	16	2779	40.84	29	875	1849
653	HUILA	AIPE	36	5537	36.99	71	2491	2917
654	HUILA	ALGECIRAS	34	5234	36.5	92	2761	2306
655	HUILA	ALTAMIRA	7	1016	33.96	11	439	561
656	HUILA	BARAYA	16	2307	38.55	17	1206	1057
657	HUILA	CAMPOALEGRE	58	10181	41.18	173	3811	6134
658	HUILA	COLOMBIA	18	2442	36.16	26	952	1431
659	HUILA	ELIAS	8	1355	42.75	14	645	682
660	HUILA	GARZON	115	18902	36.6	287	6356	12101
661	HUILA	GIGANTE	45	7184	38.55	188	2668	4263
662	HUILA	GUADALUPE	29	4581	36.97	83	1331	3132
663	HUILA	HOBO	13	2313	41.51	42	1005	1250
664	HUILA	IQUIRA	18	2901	42.27	40	1110	1727
665	HUILA	ISNOS	42	7723	42.48	155	2041	5426
666	HUILA	LA ARGENTINA	24	3009	30.12	69	1291	1603
667	HUILA	LA PLATA	90	13985	34.58	205	4475	9191
668	HUILA	NATAGA	11	1770	39.35	20	604	1124
669	HUILA	NEIVA	576	109294	42.78	1066	49083	58666
670	HUILA	OPORAPA	18	3174	43.06	45	847	2246
671	HUILA	PAICOL	11	2175	45.9	27	604	1522
672	HUILA	PALERMO	50	7831	38.13	79	2901	4814
673	HUILA	PALESTINA	20	3120	36.66	64	1146	1876
674	HUILA	PITAL	22	3658	40.09	55	1016	2565
675	HUILA	PITALITO	200	31240	34.8	405	10660	19996
676	HUILA	RIVERA	38	6495	40.09	90	2919	3446
677	HUILA	SALADOBLANCO	22	3447	39.91	53	1420	1936
678	HUILA	SAN AGUSTIN	56	8630	36.96	144	2741	5652
679	HUILA	SANTA MARIA	19	3330	42.04	47	939	2318
680	HUILA	SUAZA	29	3307	27.76	56	1027	2183
681	HUILA	TARQUI	29	4532	39.43	59	1427	3015
682	HUILA	TELLO	27	4139	38.27	83	1899	2120
683	HUILA	TERUEL	16	2584	39.87	36	738	1799
684	HUILA	TESALIA	19	3431	43.54	60	788	2559
685	HUILA	TIMANA	36	6041	40.06	65	1441	4471
686	HUILA	VILLAVIEJA	17	2632	40.34	44	1480	1086
687	HUILA	YAGUARA	17	2983	44.19	39	1137	1802
688	LA GUAJIRA	ALBANIA	40	4139	24.88	64	2333	1655
689	LA GUAJIRA	BARRANCAS	59	6454	26.98	73	4562	1806
690	LA GUAJIRA	DIBULLA	50	4732	23.02	68	3306	1309
691	LA GUAJIRA	DISTRACCION	23	2522	30.59	31	1587	892
692	LA GUAJIRA	EL MOLINO	16	2510	37.1	21	1644	836
693	LA GUAJIRA	FONSECA	62	9006	34.85	101	6402	2463
694	LA GUAJIRA	HATONUEVO	33	4240	30.21	59	2846	1304
695	LA GUAJIRA	LA JAGUA DEL PILAR	10	1196	31.15	15	861	320
696	LA GUAJIRA	MAICAO	270	20773	17.26	187	10766	9563
697	LA GUAJIRA	MANAURE	124	3260	6.2	44	1768	1418
698	LA GUAJIRA	RIOHACHA	262	28290	25.34	298	17613	10092
699	LA GUAJIRA	SAN JUAN DEL CESAR	87	9392	30.04	158	4484	4684
700	LA GUAJIRA	URIBIA	243	3434	3.38	44	1713	1658
701	LA GUAJIRA	URUMITA	19	3225	40.32	32	2042	1141
702	LA GUAJIRA	VILLANUEVA	41	6044	33.3	79	3490	2425
703	MAGDALENA	ALGARROBO	23	2041	21.66	28	1525	467
704	MAGDALENA	ARACATACA	64	1550	5.83	25	962	555
705	MAGDALENA	ARIGUAINI	51	5634	25.93	51	3393	2111
706	MAGDALENA	CERRO SAN ANTONIO	22	2443	29.1	23	2184	225
707	MAGDALENA	CHIVOLO	33	3619	27.6	39	2827	728
708	MAGDALENA	CIENAGA	187	17804	21.81	117	8629	8670
709	MAGDALENA	CONCORDIA	25	2623	24.82	16	2251	341
710	MAGDALENA	EL BANCO	109	12568	27.1	152	6883	5392
711	MAGDALENA	EL PI¥ON	34	3089	23.4	22	2506	529
712	MAGDALENA	EL RETEN	30	2903	22.76	27	1932	800
713	MAGDALENA	FUNDACION	112	9049	17.69	97	4609	4308
714	MAGDALENA	GUAMAL	62	4715	21.28	36	2989	1643
715	MAGDALENA	NUEVA GRANADA	34	3013	21.09	18	1770	1205
716	MAGDALENA	PEDRAZA	24	1926	21.57	14	1340	552
717	MAGDALENA	PIJI¥O DEL CARMEN	23	2505	32.06	24	1557	902
718	MAGDALENA	PIVIJAY	69	7378	26.03	84	6313	933
719	MAGDALENA	PLATO	96	9805	25.0	98	6312	3303
720	MAGDALENA	PUEBLOVIEJO	49	4022	19.83	37	1957	1920
721	MAGDALENA	REMOLINO	19	1943	27.61	15	1716	200
722	MAGDALENA	SABANAS DE SAN ANGEL	28	1868	17.99	17	1090	728
723	MAGDALENA	SALAMINA	18	1313	17.61	10	738	557
724	MAGDALENA	SAN SEBASTIAN DE BUENAVISTA	43	5094	32.19	41	3903	1118
725	MAGDALENA	SAN ZENON	21	2830	35.61	14	2298	497
726	MAGDALENA	SANTA ANA	37	4278	28.08	37	2301	1913
727	MAGDALENA	SANTA BARBARA DE PINTO	22	2156	27.02	21	1737	383
728	MAGDALENA	SANTA MARTA	724	94188	29.16	767	49797	43163
729	MAGDALENA	SITIONUEVO	42	2520	14.15	19	1649	764
730	MAGDALENA	TENERIFE	28	2974	30.21	39	2469	438
731	MAGDALENA	ZAPAYAN	20	2648	34.21	21	2119	489
732	MAGDALENA	ZONA BANANERA	103	3622	8.43	25	2307	1268
733	META	ACACIAS	131	30284	54.01	663	7978	21513
734	META	BARRANCA DE UPIA	12	1762	41.1	34	613	1104
735	META	CABUYARO	12	1943	42.52	30	718	1182
736	META	CASTILLA LA NUEVA	26	6274	59.57	149	1739	4350
737	META	SAN LUIS DE CUBARRAL	12	2032	41.45	30	602	1385
738	META	CUMARAL	41	7701	49.7	115	2456	5099
739	META	EL CALVARIO	7	686	40.18	11	354	310
740	META	EL CASTILLO	14	2086	38.81	34	1247	774
741	META	EL DORADO	9	1371	49.06	13	570	777
742	META	FUENTE DE ORO	24	3815	40.4	75	1556	2153
743	META	GRANADA	110	19968	41.05	421	7007	12415
744	META	GUAMAL	25	5471	52.73	62	1316	4078
745	META	LA MACARENA	20	3108	39.34	51	2238	800
746	META	LEJANIAS	20	3054	38.64	92	1287	1636
747	META	MAPIRIPAN	17	1247	23.11	33	697	505
748	META	MESETAS	19	3045	40.14	46	1843	1126
749	META	PUERTO CONCORDIA	15	2264	37.74	61	1198	974
750	META	PUERTO GAITAN	55	8892	39.54	188	2813	5637
751	META	PUERTO LLERAS	17	2313	36.49	41	997	1251
752	META	PUERTO LOPEZ	55	9355	40.96	126	2564	6618
753	META	PUERTO RICO	20	3098	38.93	79	1443	1553
754	META	RESTREPO	34	6104	40.87	60	2464	3557
755	META	SAN CARLOS DE GUAROA	19	3654	47.06	59	1179	2394
756	META	SAN JUAN DE ARAMA	17	2292	38.21	48	1064	1162
757	META	SAN JUANITO	6	586	46.39	8	309	263
758	META	SAN JUAN DE RIO SECO	44	7901	44.83	99	2162	5593
759	META	LA URIBE	12	2214	46.86	14	2036	140
760	META	VILLAVICENCIO	786	159620	46.49	1757	56633	100830
761	META	VISTAHERMOSA	30	5103	42.27	126	2593	2310
762	NARIÑO	SAN JOSE DE LA MONTA¥A	16	2984	46.34	65	1244	1610
763	NARIÑO	ALDANA	14	2656	46.14	52	1298	1268
764	NARIÑO	ANCUYA	22	2381	32.9	35	1683	631
765	NARIÑO	ARBOLEDA	15	2511	44.02	67	1154	1236
766	NARIÑO	BARBACOAS	65	4361	20.9	63	3159	1063
767	NARIÑO	BELEN	14	2419	45.4	32	1418	934
768	NARIÑO	BUESACO	42	6029	35.61	109	2921	2914
769	NARIÑO	CHACHAGUI	26	3897	40.97	50	2377	1427
770	NARIÑO	COLOSO	19	2807	42.4	127	1573	1034
771	NARIÑO	CONSACA	28	3541	41.67	83	1969	1434
772	NARIÑO	CONTADERO	16	1987	35.84	25	1036	903
773	NARIÑO	CORDOBA	27	3564	35.27	53	2138	1301
774	NARIÑO	CUASPUD	17	2707	37.75	37	1245	1382
775	NARIÑO	CUMBAL	55	8853	37.82	216	5421	3085
776	NARIÑO	CUMBITARA	19	2462	39.69	25	2119	299
777	NARIÑO	EL CHARCO	42	5221	33.15	60	4599	465
778	NARIÑO	EL PE¥OL	15	2957	55.19	58	2312	554
779	NARIÑO	EL ROSARIO	20	2643	39.75	42	2344	238
780	NARIÑO	EL TABLON	28	4730	43.73	109	2980	1557
781	NARIÑO	EL TAMBO	28	5246	46.61	108	3563	1476
782	NARIÑO	FRANCISCO PIZARRO	21	1621	25.69	27	1332	247
783	NARIÑO	FUNES	17	2381	42.9	31	1575	737
784	NARIÑO	GUACHUCAL	33	4581	32.56	78	2511	1938
785	NARIÑO	GUAITARILLA	30	3153	29.16	47	2255	800
786	NARIÑO	GUALMATAN	13	2383	46.93	32	1404	932
787	NARIÑO	ILES	17	2369	34.33	45	1430	857
788	NARIÑO	IMUES	20	2129	33.71	28	1156	912
789	NARIÑO	IPIALES	204	32826	35.59	503	15864	15842
790	NARIÑO	LA CRUZ	36	5690	41.92	87	2846	2652
791	NARIÑO	LA FLORIDA	24	3227	36.05	39	2292	848
792	NARIÑO	LA LLANADA	9	1490	44.13	58	996	400
793	NARIÑO	LA TOLA	14	1975	39.53	23	1710	234
794	NARIÑO	LA UNION	60	7736	35.92	164	3200	4247
795	NARIÑO	LEIVA	22	2973	40.98	44	2605	277
796	NARIÑO	LINARES	24	3632	42.8	64	3047	452
797	NARIÑO	LOS ANDES	20	3279	45.97	60	2426	723
798	NARIÑO	MAGUI	24	2344	37.67	34	2129	157
799	NARIÑO	MALLAMA	19	1897	31.7	38	1154	675
800	NARIÑO	MOSQUERA	21	2234	37.88	22	1975	224
801	NARIÑO	OLAYA  HERRERA	37	3274	24.12	36	2632	572
802	NARIÑO	OSPINA	17	1803	31.81	26	1102	637
803	NARIÑO	PASTO	648	114341	40.86	1505	70354	41981
804	NARIÑO	POLICARPA	27	4257	44.63	51	3690	461
805	NARIÑO	POTOSI	26	3510	37.24	63	1590	1809
806	NARIÑO	PROVIDENCIA	10	1890	44.37	26	1586	228
807	NARIÑO	PUERRES	19	3292	44.42	70	2191	997
808	NARIÑO	PUPIALES	34	6033	41.32	140	2820	3010
809	NARIÑO	RICAURTE	41	3048	22.48	48	1947	974
810	NARIÑO	ROBERTO PAYAN	29	2365	28.26	22	2135	198
811	NARIÑO	SAMANIEGO	65	8666	39.14	166	7072	1359
812	NARIÑO	SAN BERNARDO	15	3171	52.22	50	1892	1172
813	NARIÑO	SAN LORENZO	32	4779	37.42	158	2812	1711
814	NARIÑO	SAN PABLO	31	3759	33.21	93	2353	1221
815	NARIÑO	SAN PEDRO DE CARTAGO	14	2148	41.03	52	1058	989
816	NARIÑO	SANDONA	40	6773	42.58	112	4208	2346
817	NARIÑO	SANTA CRUZ	22	2471	35.31	24	2229	206
818	NARIÑO	SANTA CRUZ	21	1907	27.73	39	1301	513
819	NARIÑO	SAPUYES	15	1857	32.99	32	1089	715
820	NARIÑO	TAMINANGO	34	5014	36.92	94	3792	1028
821	NARIÑO	TANGUA	26	3198	32.37	46	1659	1467
822	NARIÑO	TUMACO	400	34266	28.13	709	23534	9520
823	NARIÑO	TUQUERRES	86	10320	30.27	268	6384	3521
824	NARIÑO	YACUANQUER	20	3352	41.21	88	2169	1034
825	NORTE DE SANTANDER	ABREGO	60	6377	30.17	77	2095	4149
826	NORTE DE SANTANDER	ARBOLEDAS	20	3096	45.35	58	907	2078
827	NORTE DE SANTANDER	BOCHALEMA	17	2941	48.64	50	1080	1786
828	NORTE DE SANTANDER	BUCARASICA	12	1498	36.46	70	413	985
829	NORTE DE SANTANDER	CACHIRA	24	2634	37.85	28	531	2060
830	NORTE DE SANTANDER	CACOTA	6	873	40.49	24	413	432
831	NORTE DE SANTANDER	CHINACOTA	27	5453	47.72	90	1983	3351
832	NORTE DE SANTANDER	CHITAGA	21	2908	38.45	78	1056	1729
833	NORTE DE SANTANDER	CONVENCION	40	3732	25.17	137	2101	1411
834	NORTE DE SANTANDER	CUCUTA	1236	245727	45.27	3088	83572	157742
835	NORTE DE SANTANDER	CUCUTILLA	16	2939	47.64	72	938	1850
836	NORTE DE SANTANDER	DURANIA	12	1933	45.17	32	1003	885
837	NORTE DE SANTANDER	EL CARMEN	36	3059	30.49	118	1515	1388
838	NORTE DE SANTANDER	EL TARRA	29	3222	28.85	92	2827	262
839	NORTE DE SANTANDER	EL ZULIA	48	8042	39.72	181	2770	5024
840	NORTE DE SANTANDER	GRAMALOTE	13	1946	40.12	38	632	1253
841	NORTE DE SANTANDER	HACARI	20	1839	26.62	59	1562	184
842	NORTE DE SANTANDER	HERRAN	9	1192	33.35	28	377	769
843	NORTE DE SANTANDER	LA ESPERANZA	25	3060	36.9	55	1021	1941
844	NORTE DE SANTANDER	LA PLAYA	17	1574	23.75	39	734	769
845	NORTE DE SANTANDER	LABATECA	13	1709	34.84	32	877	782
846	NORTE DE SANTANDER	LOS PATIOS	175	28831	36.88	293	7986	20494
847	NORTE DE SANTANDER	LOURDES	8	1299	40.41	53	317	904
848	NORTE DE SANTANDER	MUTISCUA	7	1134	42.56	21	499	605
849	NORTE DE SANTANDER	OCA¥A	175	27977	36.78	378	10753	16720
850	NORTE DE SANTANDER	PAMPLONA	89	18963	44.03	293	6506	12079
851	NORTE DE SANTANDER	PAMPLONITA	9	1842	48.52	46	577	1178
852	NORTE DE SANTANDER	PUERTO SANTANDER	30	2236	17.04	28	591	1607
853	NORTE DE SANTANDER	RAGONVALIA	16	1728	26.83	23	422	1266
854	NORTE DE SANTANDER	SALAZAR	22	3156	42.15	106	974	2029
855	NORTE DE SANTANDER	SAN CALIXTO	25	2607	37.35	68	2393	121
856	NORTE DE SANTANDER	SAN CAYETANO	17	2244	32.43	33	694	1509
857	NORTE DE SANTANDER	SANTIAGO	9	1459	44.06	30	642	779
858	NORTE DE SANTANDER	SARDINATA	55	5913	34.65	119	1991	3725
859	NORTE DE SANTANDER	SILOS	11	1392	35.08	18	259	1100
860	NORTE DE SANTANDER	TEORAMA	28	2953	30.36	99	2429	380
861	NORTE DE SANTANDER	TIBU	77	9182	29.42	228	5847	3008
862	NORTE DE SANTANDER	TOLEDO	33	4310	35.83	135	1311	2803
863	NORTE DE SANTANDER	VILLA CARO	9	1261	33.83	23	297	920
864	NORTE DE SANTANDER	VILLA DEL ROSARIO	170	26839	33.8	275	6360	20126
865	PUTUMAYO	COLON	10	1912	45.05	19	1072	804
866	PUTUMAYO	MOCOA	87	13066	37.07	159	7718	5105
867	PUTUMAYO	ORITO	63	8226	31.71	155	6165	1820
868	PUTUMAYO	PUERTO ASIS	102	11158	26.73	207	6267	4539
869	PUTUMAYO	PUERTO CAICEDO	23	2878	32.25	79	1947	802
870	PUTUMAYO	PUERTO GUZMAN	29	3106	29.41	57	2176	832
871	PUTUMAYO	PUERTO LEGUIZAMO	36	3794	26.28	39	2031	1695
872	PUTUMAYO	SAN FRANCISCO	11	1998	42.42	45	1069	849
873	PUTUMAYO	SAN JOSE DE LA MONTA¥A	28	3487	29.6	56	2816	559
874	PUTUMAYO	SANTIAGO	14	2320	39.12	48	1359	881
875	PUTUMAYO	SIBUNDOY	24	4434	43.01	77	2499	1783
876	PUTUMAYO	VALLE DEL GUAMUEZ	56	7917	34.16	105	6655	1079
877	PUTUMAYO	VILLAGARZON	39	5794	36.72	114	2869	2757
878	QUINDIO	ARMENIA	568	105002	42.36	1205	43835	59049
879	QUINDIO	BUENAVISTA	7	1028	35.98	17	441	564
880	QUINDIO	CALARCA	136	23963	41.1	377	8767	14557
881	QUINDIO	CIRCASIA	57	9364	42.67	131	3343	5837
882	QUINDIO	CORDOBA	12	1960	38.5	35	872	1028
883	QUINDIO	FILANDIA	27	4256	41.14	68	1522	2627
884	QUINDIO	GENOVA	18	2810	38.05	55	987	1739
885	QUINDIO	LA TEBAIDA	65	11156	40.56	204	4032	6822
886	QUINDIO	MONTENEGRO	77	11873	35.86	227	3398	8140
887	QUINDIO	PIJAO	17	2385	39.6	34	815	1523
888	QUINDIO	QUIMBAYA	68	12049	40.44	154	4528	7156
889	QUINDIO	SALENTO	16	2578	44.74	32	853	1666
890	RISARALDA	APIA	25	3800	36.23	84	1265	2404
891	RISARALDA	BALBOA	15	2032	36.51	44	891	1074
892	RISARALDA	BELEN DE UMBRIA	52	7133	33.23	143	2639	4278
893	RISARALDA	DOSQUEBRADAS	354	67458	43.8	1044	28055	37995
894	RISARALDA	GUATICA	26	3795	36.66	67	1240	2443
895	RISARALDA	LA CELIA	15	2457	37.8	59	903	1462
896	RISARALDA	LA VIRGINIA	68	12411	39.52	210	4852	7229
897	RISARALDA	MARSELLA	39	5602	36.0	97	2067	3350
898	RISARALDA	MISTRATO	27	3765	33.93	65	1926	1716
899	RISARALDA	PEREIRA	891	165775	42.16	2278	75063	87598
900	RISARALDA	PUEBLO RICO	23	2851	30.83	47	1720	1008
901	RISARALDA	QUINCHIA	47	8321	41.98	259	4144	3734
902	RISARALDA	SANTA ROSA DE CABAL	127	25498	42.93	518	9970	14826
903	RISARALDA	SANTUARIO	31	3775	30.79	119	1473	2113
904	ARCHIPIELAGO DE SAN ANDRES PROVIDENCIA Y SANTA CATALINA	PROVIDENCIA	10	1210	30.12	4	974	216
905	SANTANDER	AGUADA	4	361	23.68	6	165	182
906	SANTANDER	ALBANIA	10	1200	36.47	15	656	508
907	SANTANDER	ARATOCA	15	2680	41.37	51	1328	1251
908	SANTANDER	BARBOSA	58	9191	37.98	162	4413	4552
909	SANTANDER	BARICHARA	15	2608	41.65	51	1452	1085
910	SANTANDER	BARRANCABERMEJA	399	77255	46.09	1153	38260	37440
911	SANTANDER	BETULIA	11	1503	37.67	39	620	833
912	SANTANDER	BOLIVAR	28	2845	34.35	98	1400	1271
913	SANTANDER	BUCARAMANGA	1154	225567	45.56	1982	100143	122985
914	SANTANDER	CABRERA	4	695	42.27	10	446	232
915	SANTANDER	CALIFORNIA	4	708	42.24	19	152	532
916	SANTANDER	CAPITANEJO	11	1840	37.78	32	672	1103
917	SANTANDER	CARCASI	15	1651	45.15	61	509	1058
918	SANTANDER	CEPITA	10	943	53.24	25	584	318
919	SANTANDER	CERRITO	11	2177	45.32	82	949	1109
920	SANTANDER	CHARALA	22	3582	37.37	53	2148	1353
921	SANTANDER	CHARTA	11	1339	41.6	18	372	941
922	SANTANDER	CHIMA	6	913	39.05	31	558	299
923	SANTANDER	CHIPATA	10	989	23.87	12	687	273
924	SANTANDER	CIMITARRA	73	9548	33.91	271	3718	5480
925	SANTANDER	CONCEPCION	15	1884	38.5	62	642	1015
926	SANTANDER	CONFINES	6	865	36.83	14	321	524
927	SANTANDER	CONTRATACION	8	1371	46.95	30	762	554
928	SANTANDER	COROMORO	11	1594	38.49	67	795	691
929	SANTANDER	CURITI	24	3378	41.1	76	1526	1741
930	SANTANDER	EL CARMEN	31	4458	41.6	162	1138	3114
931	SANTANDER	EL GUACAMAYO	5	813	51.13	23	539	234
932	SANTANDER	EL PE¥ON	14	1328	39.77	45	620	631
933	SANTANDER	EL PLAYON	34	4361	37.73	104	1157	3041
934	SANTANDER	ENCINO	5	692	32.59	26	405	244
935	SANTANDER	ENCISO	13	1345	41.16	30	595	702
936	SANTANDER	FLORIAN	15	1703	33.01	22	1115	550
937	SANTANDER	FLORIDABLANCA	423	87866	49.14	870	36189	50640
938	SANTANDER	GALAN	12	1082	42.66	31	434	603
939	SANTANDER	GAMBITA	9	1135	35.04	19	603	497
940	SANTANDER	GIRON	251	45814	43.36	549	17099	28052
941	SANTANDER	GUACA	19	2052	39.92	38	766	1215
942	SANTANDER	GUADALUPE	12	1567	36.15	30	607	908
943	SANTANDER	GUAPOTA	5	774	42.2	27	381	357
944	SANTANDER	GUAVATA	11	1345	30.08	28	808	495
945	SANTANDER	GUEPSA	10	1462	35.03	20	885	548
946	SANTANDER	HATO	5	817	44.76	19	464	310
947	SANTANDER	JESUS MARIA	9	1055	32.48	19	645	375
948	SANTANDER	JORDAN	4	399	36.04	3	194	191
949	SANTANDER	LA BELLEZA	14	2250	42.03	28	741	1464
950	SANTANDER	LA PAZ	12	1217	29.4	29	681	490
951	SANTANDER	LANDAZURI	26	3055	32.65	173	1484	1336
952	SANTANDER	LEBRIJA	76	12831	43.67	175	3857	8738
953	SANTANDER	LOS SANTOS	21	4109	48.17	166	1643	2265
954	SANTANDER	MACARAVITA	6	840	37.43	21	456	347
955	SANTANDER	MALAGA	41	6841	43.67	178	2538	4086
956	SANTANDER	MATANZA	14	2256	46.48	39	866	1334
957	SANTANDER	MOGOTES	21	2854	37.99	128	1165	1501
958	SANTANDER	MOLAGAVITA	15	1433	39.89	38	531	830
959	SANTANDER	OCAMONTE	9	1670	44.26	35	1129	489
960	SANTANDER	OIBA	20	3582	42.39	79	1543	1931
961	SANTANDER	ONZAGA	12	1276	33.62	41	634	554
962	SANTANDER	PALMAR	4	594	43.9	6	397	183
963	SANTANDER	PALMAS DEL SOCORRO	6	1013	41.29	20	526	456
964	SANTANDER	PARAMO	9	1586	49.54	33	791	754
965	SANTANDER	PIEDECUESTA	242	49041	48.81	739	19145	28817
966	SANTANDER	PINCHOTE	8	1357	42.65	25	742	577
967	SANTANDER	PUENTE NACIONAL	37	4456	34.62	72	2492	1857
968	SANTANDER	PUERTO PARRA	14	1545	28.53	17	487	1026
969	SANTANDER	PUERTO WILCHES	62	8619	37.7	162	4098	4317
970	SANTANDER	RIONEGRO	63	8296	37.58	179	2675	5347
971	SANTANDER	SABANA DE TORRES	47	7916	38.46	124	2386	5347
972	SANTANDER	SAN ANDRES	24	3085	43.54	79	1642	1312
973	SANTANDER	SAN BENITO	7	880	29.44	8	584	279
974	SANTANDER	SAN GIL	101	17462	43.56	257	8574	8416
975	SANTANDER	SAN JOAQUIN	5	739	33.3	25	429	264
976	SANTANDER	SAN JOSE DE MIRANDA	13	1818	46.41	25	578	1187
977	SANTANDER	SAN MIGUEL	9	825	38.17	24	423	356
978	SANTANDER	SAN VICENTE DE CHUCURI	63	9173	37.35	252	3604	5237
979	SANTANDER	SANTA BARBARA	6	734	36.79	15	255	453
980	SANTANDER	SANTA HELENA DEL OPON	9	1113	35.89	65	396	633
981	SANTANDER	SIMACOTA	16	2290	38.82	66	1237	970
982	SANTANDER	SOCORRO	56	9556	40.19	123	4348	5049
983	SANTANDER	SUAITA	20	2678	32.43	65	1395	1189
984	SANTANDER	SUCRE	20	1858	31.83	28	698	1104
985	SANTANDER	SURATA	10	1343	44.52	40	478	805
986	SANTANDER	TONA	13	2039	41.19	66	808	1149
987	SANTANDER	VALLE DE SAN JOSE	12	1902	41.01	45	935	904
988	SANTANDER	VELEZ	42	6193	37.68	160	3254	2742
989	SANTANDER	VETAS	4	580	39.56	10	92	476
990	SANTANDER	VILLANUEVA	15	2389	37.7	34	912	1427
991	SANTANDER	ZAPATOCA	18	2620	35.56	51	984	1563
992	SUCRE	BUENAVISTA	22	3250	33.78	22	2187	993
993	SUCRE	CAIMITO	25	2814	32.13	24	2126	623
994	SUCRE	CHALAN	11	1394	31.66	19	869	466
995	SUCRE	COLOSO	17	2374	35.14	26	1628	693
996	SUCRE	COROZAL	107	18206	39.67	206	10907	6973
997	SUCRE	COVEÑAS	27	3898	35.69	41	1918	1915
998	SUCRE	EL ROBLE	24	2912	37.84	22	2238	633
999	SUCRE	GALERAS	39	5332	33.81	51	2181	3039
1000	SUCRE	GUARANDA	33	3584	28.01	48	1811	1701
1001	SUCRE	LA UNION	25	2983	31.7	18	2329	599
1002	SUCRE	LOS PALMITOS	43	7661	43.55	66	5779	1751
1003	SUCRE	MAJAGUAL	73	6929	26.57	52	3935	2857
1004	SUCRE	MORROA	33	5222	40.75	101	3322	1753
1005	SUCRE	OVEJAS	51	7470	37.09	58	5328	2019
1006	SUCRE	PALMITO	26	3394	35.2	29	2323	1011
1007	SUCRE	SAMPUES	78	11708	37.79	170	6816	4596
1008	SUCRE	SAN BENITO ABAD	53	5485	29.64	46	3460	1917
1009	SUCRE	SAN JUAN DE BETULIA	27	4534	40.39	39	3185	1282
1010	SUCRE	SAN MARCOS	103	11381	26.62	165	7058	4036
1011	SUCRE	SAN ONOFRE	105	10458	25.53	121	7973	2247
1012	SUCRE	SAN PEDRO	38	5895	36.2	38	3759	2036
1013	SUCRE	SINCE	63	9157	35.79	112	5470	3493
1014	SUCRE	SINCELEJO	446	70389	35.93	771	37461	31435
1015	SUCRE	TOLU	54	7870	34.49	89	5427	2300
1016	SUCRE	TOLUVIEJO	45	7424	41.68	63	5227	2060
1017	TOLIMA	ALPUJARRA	12	1517	40.72	46	452	1005
1018	TOLIMA	ALVARADO	22	2787	33.09	36	1312	1415
1019	TOLIMA	AMBALEMA	19	2403	34.71	47	1216	1126
1020	TOLIMA	ANZOATEGUI	19	2362	31.65	42	693	1576
1021	TOLIMA	ARMERO	25	3568	35.07	68	1794	1676
1022	TOLIMA	ATACO	42	5252	35.11	68	1658	3451
1023	TOLIMA	CAJAMARCA	38	6046	37.34	85	1823	4084
1024	TOLIMA	CARMEN DE APICALA	20	3506	41.47	34	1218	2242
1025	TOLIMA	CASABIANCA	13	1926	38.98	22	922	953
1026	TOLIMA	CHAPARRAL	83	12516	32.84	172	5476	6694
1027	TOLIMA	COELLO	21	2701	35.03	34	1488	1157
1028	TOLIMA	COYAIMA	41	5685	33.06	81	3404	2081
1029	TOLIMA	CUNDAY	19	2648	36.73	31	1075	1516
1030	TOLIMA	DOLORES	19	2759	41.0	52	1109	1563
1031	TOLIMA	ESPINAL	134	23446	40.32	324	8388	14623
1032	TOLIMA	FALAN	14	2230	39.1	52	1147	995
1033	TOLIMA	FLANDES	39	6693	38.92	88	2373	4194
1034	TOLIMA	FRESNO	68	8566	32.81	183	2741	5542
1035	TOLIMA	GUAMO	63	9014	34.98	114	3042	5783
1036	TOLIMA	HERVEO	17	1932	32.62	40	724	1128
1037	TOLIMA	HONDA	49	8549	37.12	150	3549	4788
1038	TOLIMA	IBAGUE	889	182499	46.49	2184	70780	108879
1039	TOLIMA	ICONONZO	22	2912	34.68	49	1498	1335
1040	TOLIMA	LERIDA	38	5665	37.1	77	2748	2812
1041	TOLIMA	LIBANO	72	10767	32.73	226	5158	5238
1042	TOLIMA	MARIQUITA	68	11144	38.67	217	4570	6277
1043	TOLIMA	MELGAR	65	10942	39.71	130	3102	7663
1044	TOLIMA	MURILLO	10	1169	30.9	56	409	690
1045	TOLIMA	NATAGAIMA	38	5420	35.16	78	2970	2331
1046	TOLIMA	ORTEGA	63	8505	35.84	227	3247	4872
1047	TOLIMA	PALOCABILDO	17	2488	33.31	49	1003	1412
1048	TOLIMA	PIEDRAS	14	1968	36.53	25	974	959
1049	TOLIMA	PLANADAS	47	6205	31.55	198	2818	3081
1050	TOLIMA	PRADO	21	2999	37.8	43	1121	1799
1051	TOLIMA	PURIFICACION	49	8339	41.31	105	4045	4139
1052	TOLIMA	RIOBLANCO	41	4778	29.8	119	2209	2317
1053	TOLIMA	RONCESVALLES	11	1566	37.5	48	768	728
1054	TOLIMA	ROVIRA	52	6272	32.15	152	1776	4287
1055	TOLIMA	SALDA¥A	29	4492	36.17	53	1463	2954
1056	TOLIMA	SAN ANTONIO	25	4044	40.38	94	1097	2770
1057	TOLIMA	SAN LUIS	28	4344	40.21	57	1638	2595
1058	TOLIMA	SANTA ISABEL	16	1791	30.86	31	485	1256
1059	TOLIMA	SUAREZ	11	1813	41.33	15	700	1095
1060	TOLIMA	VALLE DE SAN JUAN	14	1500	30.35	26	673	789
1061	TOLIMA	VENADILLO	29	4488	38.29	52	1929	2478
1062	TOLIMA	VILLAHERMOSA	22	2419	33.68	39	605	1732
1063	TOLIMA	VILLARRICA	15	1793	34.45	42	671	1070
1064	VALLE DEL CAUCA	ALCALA	27	3800	33.95	69	1804	1886
1065	VALLE DEL CAUCA	ANDALUCIA	47	6865	35.11	101	3505	3219
1066	VALLE DEL CAUCA	ANSERMANUEVO	53	5405	28.05	80	1667	3609
1067	VALLE DEL CAUCA	ARGELIA	19	1955	30.42	30	923	983
1068	VALLE DEL CAUCA	BOLIVAR	38	4964	37.07	75	2065	2759
1069	VALLE DEL CAUCA	BUENAVENTURA	517	62389	28.46	1525	42565	17670
1070	VALLE DEL CAUCA	BUGA	236	42281	42.24	551	20956	20572
1071	VALLE DEL CAUCA	BUGALAGRANDE	50	7101	37.33	136	3977	2934
1072	VALLE DEL CAUCA	CAICEDONIA	72	10321	36.44	186	3886	6106
1073	VALLE DEL CAUCA	CALI	3617	596245	36.4	4496	319949	269502
1074	VALLE DEL CAUCA	DARIEN	42	4705	33.82	77	2238	2349
1075	VALLE DEL CAUCA	CANDELARIA	154	23999	35.01	440	10898	12525
1076	VALLE DEL CAUCA	CARTAGO	262	39722	35.53	554	14845	24101
1077	VALLE DEL CAUCA	DAGUA	96	10754	30.72	150	4666	5858
1078	VALLE DEL CAUCA	EL AGUILA	30	2896	35.63	56	871	1949
1079	VALLE DEL CAUCA	EL CAIRO	21	1935	28.78	32	932	919
1080	VALLE DEL CAUCA	EL CERRITO	118	18476	35.62	263	9380	8732
1081	VALLE DEL CAUCA	EL DOVIO	30	3042	31.01	51	972	1987
1082	VALLE DEL CAUCA	FLORIDA	124	18826	37.55	347	10354	7906
1083	VALLE DEL CAUCA	GINEBRA	43	6619	40.58	99	3182	3263
1084	VALLE DEL CAUCA	GUACARI	68	10586	38.6	184	5786	4555
1085	VALLE DEL CAUCA	JAMUNDI	222	34404	35.7	518	18060	15665
1086	VALLE DEL CAUCA	LA CUMBRE	32	4132	32.38	44	2037	2022
1087	VALLE DEL CAUCA	LA UNION	66	10429	39.37	170	2792	7386
1088	VALLE DEL CAUCA	LA VICTORIA	30	4260	36.69	55	1930	2234
1089	VALLE DEL CAUCA	OBANDO	30	3657	32.69	81	1579	1970
1090	VALLE DEL CAUCA	PALMIRA	619	101380	38.73	1162	54278	45431
1091	VALLE DEL CAUCA	PRADERA	102	15215	38.26	258	7574	7263
1092	VALLE DEL CAUCA	RESTREPO	40	4447	29.82	58	1777	2574
1093	VALLE DEL CAUCA	RIOFRIO	42	5310	33.48	98	2103	3065
1094	VALLE DEL CAUCA	ROLDANILLO	78	11174	39.46	115	4631	6372
1095	VALLE DEL CAUCA	SAN PEDRO	41	5506	37.5	75	2708	2689
1096	VALLE DEL CAUCA	SEVILLA	95	13312	35.18	335	6589	6231
1097	VALLE DEL CAUCA	TORO	36	3926	30.99	77	1383	2422
1098	VALLE DEL CAUCA	TRUJILLO	45	5401	34.19	85	1960	3296
1099	VALLE DEL CAUCA	TULUA	366	62052	39.48	1001	27738	32877
1100	VALLE DEL CAUCA	ULLOA	14	1674	36.1	28	909	712
1101	VALLE DEL CAUCA	VERSALLES	28	2686	33.62	38	963	1650
1102	VALLE DEL CAUCA	VIJES	27	3437	33.03	35	1812	1554
1103	VALLE DEL CAUCA	YOTOCO	39	5060	35.35	61	2358	2608
1104	VALLE DEL CAUCA	YUMBO	223	34988	36.13	470	18095	16252
1105	VALLE DEL CAUCA	ZARZAL	89	13542	36.93	263	6632	6580
1106	VAUPES	PARATEBUENO	4	190	17.59	3	170	16
1107	VAUPES	CARURU	5	465	27.01	7	382	76
1108	VAUPES	MITU	39	3627	23.28	30	2705	872
1109	VAUPES	MORICHAL	1	19	17.43	0	18	1
1110	VAUPES	TARAIRA	4	345	25.05	1	243	65
1111	VAUPES	YAVARATE	4	316	30.53	0	278	37
1112	VICHADA	CUMARIBO	52	3763	19.37	52	2717	952
1113	VICHADA	LA PRIMAVERA	19	2504	34.45	33	661	1787
1114	VICHADA	PUERTO CARRE¥O	44	4820	27.64	62	2185	2549
1115	VICHADA	SANTA ROSALIA	7	1284	42.61	13	576	689
